A Coruña,Alvedro Airport,LCG
Aalborg,Aalborg Airport,AAL
Aarhus,Aarhus Airport,AAR
Abakan,Abakan International Airport,ABA
Aberdeen,Aberdeen Airport,ABZ
Abidjan,Port Bouet Airport,ABJ
Abu Dhabi,Abu Dhabi International Airport,AUH
Abuja,Nnamdi Azikiwe International Airport,ABV
Acapulco,General Juan N. Alvarez International Airport,ACA
Accra,Kotoka International Airport,ACC
Adana,Şakirpaşa Airport,ADA
Addis Ababa,Addis Ababa Bole International Airport,ADD
Addu City,Gan International Airport,GAN
Adelaide,Adelaide Airport,ADL
Aden,Aden International Airport,ADE
Adrar,Touat-Cheikh Sidi Mohamed Belkebir Airport,AZR
Agadir,Al Massira Airport,AGA
Aguadilla,Rafael Hernández Airport,BQN
Aguascalientes,Lic. Jesús Terán Peredo International Airport,AGU
Ahmedabad,Sardar Vallabhbhai Patel International Airport,AMD
Ajaccio,Campo dell'Oro Airport,AJA
Akita,Akita Airport,AXT
Akron,Akron Fulton International Airport,AKC
Akron,Akron–Canton Airport,CAK
Aktau,Aktau Airport,SCO
Akureyri,Akureyri Airport,AEY
Al Ain,Al Ain International Airport,AAN
Al Najaf,Al Najaf International Airport,NJF
Albany,Albany International Airport,ALB
Albuquerque,Albuquerque International Sunport,ABQ
Alderney,Alderney Airport,ACI
Aleppo,Aleppo International Airport,ALP
Alexandria,Borg El Arab Airport,HBE
Alexandria,Alexandria International Airport,ALY
Alghero,Fertilia Airport,AHO
Algiers,Houari Boumedienne Airport,ALG
Alicante,Alicante Airport,ALC
Almaty,Almaty International Airport,ALA
Almería,Almería International Airport,LEI
Alofi,Niue International Airport,IUE
Ambon,Pattimura Airport,AMQ
Ambrolauri,Ambrolauri Airport,UGAM
Amman,Amman Civil Airport,ADJ
Amman,Queen Alia International Airport,AMM
Amritsar,Sri Guru Ram Dass Jee International Airport,ATQ
Amsterdam,Amsterdam Airport Schiphol,AMS
Anadyr (town),Ugolny Airport,DYR
Anapa,Anapa Airport,AAQ
Anchorage,Ted Stevens Anchorage International Airport,ANC
Ancona,Ancona Airport,AOI
Angeles,Clark International Airport,CRK
Ankara,Esenboğa International Airport,ESB
Annaba,Rabah Bitat Airport,AAE
Antalya,Antalya Airport,AYT
Antananarivo,Ivato International Airport,TNR
Antigua,VC Bird International Airport,ANU
Antofagasta,Cerro Moreno International Airport,ANF
Antsiranana,Arrachart Airport,DIE
Antwerp,Antwerp International Airport,ANR
Aomori,Aomori Airport,AOJ
Apia,Faleolo International Airport,APW
Appleton,Appleton International Airport,ATW
Aqaba,King Hussein International Airport,AQJ
Aracaju,Santa Maria Airport,AJU
Arbil,Erbil International Airport,EBL
Arequipa,Rodríguez Ballón International Airport,AQP
Arkhangelsk,Talagi Airport,ARH
Armenia,El Edén International Airport,AXM
Asaba,Asaba International Airport,ABB
Ashgabat,Ashgabat Airport,ASB
Asmara,Asmara International Airport,ASM
Astana,Astana International Airport,TSE
Astrakhan,Narimanovo Airport,ASF
Asturias,Asturias Airport,OVD
Asunción,Silvio Pettirossi International Airport,ASU
Aswan,Aswan International Airport,ASW
Asyut,Assiut Airport,ATZ
Athens,Athens International Airport,ATH
Atlanta,Hartsfield-Jackson Atlanta International Airport,ATL
Atlantic City,Atlantic City International Airport,ACY
Atyrau,Atyrau Airport,GUW
Auckland,Auckland Airport,AKL
Austin,Austin-Bergstrom International Airport,AUS
Baden-Baden,Karlsruhe/Baden-Baden Airport,FKB
Baghdad,Baghdad International Airport,BGW
Bahawalpur,Bahawalpur Airport,BHV
Baku,Heydar Aliyev International Airport,GYD
Balikpapan,Sultan Aji Muhammad Sulaiman Airport,BPN
Baltimore,Baltimore-Washington International Thurgood Marshall Airport,BWI
Bamako,Senou International Airport,BKO
Bandar Abbas,Bandar Abbas International Airport,BND
Bandar Seri Begawan,Brunei International Airport,BWN
Bandung,Husein Sastranegara International Airport,BDO
Bangalore,Kempegowda International Airport,BLR
Bangkok,Don Mueang International Airport,DMK
Bangkok,Suvarnabhumi Airport,BKK
Bangor,Bangor International Airport,BGR
Bangui,M'Poko International Airport,BGF
Banja Luka,Banja Luka International Airport,BNX
Banjarmasin,Syamsudin Noor Airport,BDJ
Banjul,Banjul International Airport,BJL
Bannu,Bannu Airport,BNP
Barcelona,Barcelona Airport,BCN
Bari,Palese Airport,BRI
Barnaul,Barnaul Airport,BAX
Barranquilla,Ernesto Cortissoz International Airport,BAQ
Basel-Mulhouse-Freiburg,EuroAirport Basel–Mulhouse–Freiburg,BSL
Basra,Basra International Airport,BSR
Bastia,Poretta Airport,BIA
Batna City,Batna Airport,BLJ
Batumi,Batumi International Airport,BUS
Beauvais,Beauvais-Tillé Airport,BVA
Beihai,Beihai Fucheng Airport,BHY
Beijing,Beijing Capital International Airport,PEK
Beijing,Beijing Nanyuan Airport,NAY
Beira,Beira Airport,BEW
Beirut,Beirut Rafic Hariri International Airport,BEY
Beja,Beja Airport,BYJ
Bejaia,Soummam Airport,BJA
Belfast,Belfast International Airport,BFS
Belfast,George Best Belfast City Airport,BHD
Belgorod,Belgorod International Airport,EGO
Belgrade,Belgrade Nikola Tesla Airport,BEG
Belize City,Philip S. W. Goldson International Airport,BZE
Belo Horizonte,Tancredo Neves International Airport,CNF
Belém,Val de Cães International Airport,BEL
Benghazi,Benina International Airport,BEN
Bergamo,Orio al Serio Airport,BGY
Bergen,Bergen Airport,BGO
Bergerac,Bergerac-Roumanière Airport,EGC
Berlin,Berlin Brandenburg Airport (Future),BER
Berlin,Berlin Schönefeld Airport,SXF
Berlin,Berlin Tegel Airport,TXL
Bern,Bern-Belp Airport,BRN
Bhopal,Raja Bhoj International Airport,BHO
Bhubaneswar,Biju Patnaik International Airport,BBI
Biarritz,Biarritz Airport,BIQ
Bicol Region,Bicol International Airport,none
Billund,Billund Airport,BLL
Birjand,Birjand International Airport,XBJ
Birmingham,Birmingham International Airport,BHX
Birmingham,Birmingham-Shuttlesworth International Airport,BHM
Bishkek,Manas Airport,FRU
Bissau,Osvaldo Vieira International Airport,OXB
Blagoveshchensk,Ignatyevo Airport,BQS
Blantyre,Chileka International Airport,BLZ
Bluefields,Bluefields Airport,BEF
Boa Vista,Aristides Pereira International Airport,BVC
Boa Vista,Boa Vista International Airport,BVB
Bobo-Dioulasso,Bobo Dioulasso Airport,BOY
Bocas Town,"Bocas del Toro ""Isla Colón"" International Airport",BOC
Bodrum,Milas-Bodrum Airport,BJV
Bodø,Bodø Airport,BOO
Bogotá,El Dorado International Airport,BOG
Bologna,Bologna Airport,BLQ
Bordeaux,Mérignac Airport,BOD
Bosaso,Bosaso Airport,BSA
Boston,Logan International Airport,BOS
Bournemouth,Bournemouth Airport,BOH
Brades,John A. Osborne Airport,MNI
Brasília,Brasília International Airport,BSB
Bratislava,M. R. Štefánik Airport,BTS
Bratsk,Bratsk Airport,BTK
Brazzaville,Maya-Maya Airport,BZV
Bremen,Bremen Airport,BRE
Brescia,Brescia Airport,VBS
Brest,Brest Bretagne Airport,BES
Brindisi,Brindisi Airport,BDS
Brisbane,Brisbane Airport,BNE
Bristol,Bristol Airport,BRS
Brno,Brno-Tuřany Airport,BRQ
Brussels,Brussels Airport,BRU
Brussels,Brussels South Charleroi Airport,CRL
Bryansk,Bryansk International Airport,BZK
Bubaque,Bubaque Airport,BQE
Bucaramanga,Palonegro International Airport,BGA
Bucharest,Henri Coanda International Airport,OTP
Budapest,Budapest Ferenc Liszt International Airport,BUD
Buenos Aires,Aeroparque Jorge Newbery,AEP
Buenos Aires,Ministro Pistarini International Airport,EZE
Buffalo,Buffalo Niagara International Airport,BUF
Bujumbura,Bujumbura International Airport,BJM
Bulawayo,Joshua Mqabuko Nkomo International Airport,BUQ
Burgas,Burgas Airport,BOJ
Bursa,Yenişehir Airport,YEI
Busan,Gimhae International Airport,PUS
Bydgoszcz,Bydgoszcz Ignacy Jan Paderewski Airport,BZG
Béziers,Béziers Cap d'Agde Airport,BZR
Cagayan,Cagayan Special Economic Zone,Cagayan North International Airport
Cagliari,Cagliari Airport,CAG
Cairns,Cairns Airport,CNS
Cairo,Cairo International Airport,CAI
Calabar,Margaret Ekpo International Airport,CBQ
Calgary,Calgary International Airport,YYC
Cali,Alfonso Bonilla Aragon International Airport,CLO
Camagüey,Ignacio Agramonte International Airport,CMW
Campinas,Viracopos International Airport,VCP
Campo Grande,Campo Grande International Airport,CGR
Can Tho,Can Tho International Airport,VCA
Canberra,Canberra Airport,CBR
Cancún,Cancun International Airport,CUN
Canouan,Canouan Airport,CIW
Cap-Haïtien,Hugo Chávez International Airport,CAP
Cape Town,Cape Town International Airport,CPT
Caracas,Simón Bolívar International Airport,CCS
Carcassonne,Salvaza Airport,CCF
Cardiff,Cardiff Airport,CWL
Cartagena de Indias,Rafael Núñez International Airport,CTG
Casablanca,Mohammed V International Airport,CMN
Catania,Fontanarossa Airport,CTA
Cayenne,Cayenne-Rochambeau Airport,CAY
Cayman Brac,Charles Kirkconnell International Airport,CYB
Cayo Coco,Jardines del Rey Airport,CCC
Cayo Largo del Sur,Vilo Acuña Airport,CYO
Cephalonia,Kefalonia Island International Airport,EFL
Chambéry,Chambéry-Savoie Airport,CMF
Chandigarh,Chandigarh International Airport,IXC
Changchun,Changchun Longjia International Airport,CGQ
Changsha,Changsha Huanghua International Airport,CSX
Changzhou,Changzhou Benniu Airport,CZX
Chania,Chania International Airport,CHQ
Charleston,Charleston International Airport,CHS
Charlotte,Charlotte/Douglas International Airport,CLT
Cheboksary,Cheboksary Airport,CSY
Chelyabinsk,Chelyabinsk Airport,CEK
Chengdu,Chengdu Shuangliu International Airport,CTU
Chennai,Chennai International Airport,MAA
Cheongju,Cheongju International Airport,CJJ
Cherepovets,Cherepovets Airport,CEE
Chernivtsi,Chernivtsi International Airport,CWC
Chiang Mai,Chiang Mai International Airport,CNX
Chiang Rai (city),Mae Fah Luang International Airport,CEI
Chicago,Chicago Midway International Airport,MDW
Chicago,O'Hare International Airport,ORD
Chihuahua City,Roberto Fierro Villalobos International Airport,CUU
Chios,Chios Island National Airport,JKH
Chita,Kadala Airport,HTA
Chitral,Chitral Airport,CJL
Chittagong,Shah Amanat International Airport,CGP
Chişinău,Chişinău International Airport,KIV
Chlef,Chlef International Airport,CFK
Chongqing,Chongqing Jiangbei International Airport,CKG
Christ Church,Grantley Adams International Airport,BGI
Christchurch,Christchurch International Airport,CHC
Christmas Island,Christmas Island Airport,XCH
Chub Cay,Chub Cay International Airport,CCZ
Chuuk State,Chuuk International Airport,TKK
Châlons-en-Champagne,Châlons Vatry Airport,XCR
Cienfuegos,Jaime González Airport,CFG
Cincinnati,Cincinnati/Northern Kentucky International Airport,CVG
Ciudad del Carmen,Ciudad del Carmen International Airport,CME
Ciudad del Este,Guaraní International Airport,AGT
Cleveland,Cleveland Hopkins International Airport,CLE
Cluj-Napoca,Cluj-Napoca International Airport,CLJ
Cochin,Cochin International Airport,COK
Cocos (Keeling) Islands,Cocos (Keeling) Islands Airport,CCK
Coimbatore,Coimbatore International Airport,CJB
Cologne,Cologne/Bonn Airport,CGN
Colombo,Bandaranaike International Airport,CMB
Columbus,John Glenn Columbus International Airport,CMH
Columbus,Rickenbacker International Airport,LCK
Conakry,Conakry International Airport,CKY
Concepción,Carriel Sur International Airport,CCP
Constantine,Mohamed Boudiaf Airport,CZL
Constanța,Mihail Kogălniceanu International Airport,CND
Cook Islands,Rarotonga Airport,RAR
Copenhagen,Copenhagen Airport,CPH
Corfu,Ioannis Kapodistrias Airport,CFU
Cork (city),Cork Airport,ORK
Corn Island,Corn Island Airport,RNI
Cotonou,Cadjehoun Airport,COO
County Kerry,Kerry Airport,KIR
Cozumel,Cozumel International Airport,CZM
Cuenca,Mariscal Lamar International Airport,CUE
Cuiabá,Marechal Rondon International Airport,CGB
Culiacán,Federal de Bachigualato International Airport,CUL
Cuneo,Cuneo Levaldigi Airport,CUF
Curitiba,Afonso Pena International Airport,CWB
Cusco,Alejandro Velasco Astete International Airport,CUZ
Córdoba,Ingeniero Ambrosio L.V. Taravella International Airport,COR
Cúcuta,Camilo Daza International Airport,CUC
Da Nang,Da Nang International Airport,DAD
Daegu,Daegu Airport,TAE
Dakar,Léopold Sédar Senghor International Airport,DKR
Dakhla,Dakhla Airport,VIL
Dalaman,Dalaman Airport,DLM
Dalian,Dalian Zhoushuizi International Airport,DLC
Dallas,Dallas/Fort Worth International Airport,DFW
Damascus,Damascus International Airport,DAM
Dammam,King Fahd International Airport,DMM
Dandong,Dandong Langtou Airport,DDG
Dar es Salaam,Julius Nyerere International Airport,DAR
Darwin,Darwin International Airport,DRW
Davao City,Francisco Bangoy International Airport,DVO
David,Enrique Malek International Airport,DAV
Dayton,Dayton International Airport,DAY
Debrecen,Debrecen International Airport,DEB
Delhi,Indira Gandhi International Airport,DEL
Denpasar,Ngurah Rai International Airport,DPS
Denver,Denver International Airport,DEN
Dera Ghazi Khan,Dera Ghazi Khan International Airport,DEA
Dera Ismail Khan,Dera Ismail Khan Airport,DSK
Derry,City of Derry Airport,LDY
Des Moines (IA),Des Moines International Airport,DSM
Detroit,Detroit Metropolitan Wayne County Airport,DTW
Dhaka,Hazrat Shahjalal International Airport,DAC
Dholera,Dholera International Airport,DHR
Dili,Presidente Nicolau Lobato International Airport,DIL
Dinard,Pleurtuit Airport,DNR
Dire Dawa,Aba Tenna Dejazmach Yilma International Airport,DIR
Djerba,Zarzis Airport,DJE
Djibouti City,Djibouti–Ambouli International Airport,JIB
Dnipro,Dnipropetrovsk International Airport,DNK
Doha,Hamad International Airport,DOH
Doncaster,Robin Hood Airport Doncaster Sheffield,DSA
Donetsk,Donetsk Airport,DOK
Dortmund,Dortmund Airport,DTM
Douala,Douala Airport,DLA
Dubai,Al-Maktoum International Airport,DWC
Dubai,Dubai International Airport,DXB
Dublin,Dublin Airport,DUB
Dubrovnik,Dubrovnik Airport,DBV
Dunedin,Dunedin International Airport,DUD
Dunhuang,Dunhuang Airport,DNH
Durango,General Guadalupe Victoria International Airport,DGO
Durban,King Shaka International Airport,DUR
Dushanbe,Dushanbe Airport,DYU
Dzaoudzi,Dzaoudzi–Pamandzi International Airport,DZA
Düsseldorf,Düsseldorf Airport,DUS
Easter Island,Mataveri International Airport,IPC
Edinburgh,Edinburgh Airport,EDI
Edmonton,Edmonton International Airport,YEG
Eilat,Ovda International Airport,VDA
Eilat,Ramon Airport,ETM
Eindhoven,Eindhoven Airport,EIN
El Aaiún,Hassan I Airport,EUN
El Arish,El Arish International Airport,AAC
El Dabaa,Al Alamain International Airport,DBB
Eldoret,Eldoret International Airport,EDL
Elista,Elista Airport,ESL
Enfidha,Enfidha-Hammamet International Airport,NBE
Entebbe,Entebbe International Airport,EBB
Enugu,Akanu Ibiam International Airport,ENU
Esmeraldas,Carlos Concha Torres International Airport,ESM
Exeter,Exeter International Airport,EXT
Exuma,Exuma International Airport,GGT
Fairbanks,Fairbanks International Airport,FAI
Faisalabad,Faisalabad International Airport,LYP
Faro,Faro Airport,FAO
Fes,Fes-Saïss Airport,FEZ
Figari,Figari Sud-Corse Airport,FSC
Florence,Peretola Airport,FLR
Flores,Mundo Maya International Airport,FRS
Florianópolis,Hercílio Luz International Airport,FLN
Fort Lauderdale,Fort Lauderdale-Hollywood International Airport,FLL
Fort Myers,Southwest Florida International Airport,RSW
Fort-de-France,Martinique Aimé Césaire International Airport,FDF
Fortaleza,Pinto Martins International Airport,FOR
Foz do Iguaçu,Cataratas International Airport,IGU
Franceville,M'Vengue El Hadj Omar Bongo Ondimba International Airport,MVB
Francistown,Francistown Airport,FRW
Frankfurt,Frankfurt Airport,FRA
Frankfurt,Frankfurt-Hahn Airport,HHN
Freeport,Grand Bahama International Airport,FPO
Freetown,Lungi International Airport,FNA
Freiburg im Breisgau,EuroAirport Basel–Mulhouse–Freiburg,MLH/BSL/EAP
Fresno,Fresno Yosemite International Airport,FAT
Friedrichshafen,Friedrichshafen Airport,FDH
Fuerteventura,Fuerteventura Airport,FUE
Fukuoka,Fukuoka Airport,FUK
Funafuti,Funafuti International Airport,FUN
Funchal,Madeira Airport,FNC
Futuna Island,Pointe Vele Airport,FUT
Fuzhou,Fuzhou Changle International Airport,FOC
Gaborone,Sir Seretse Khama International Airport,GBE
Galkayo,Abdullahi Yusuf Airport,GBY
Gander,Gander International Airport,YQX
Ganja,Ganja International Airport,KVD
Garoowe,Garowe Airport,GGR
Gaya,Gaya International Airport,GAY
Gaziantep,Oğuzeli Airport,GZT
Gdańsk,Gdańsk Lech Wałęsa Airport,GDN
General Santos,General Santos International Airport,GES
Geneva,Geneva International Airport,GVA
Genoa,Cristoforo Colombo Airport,GOA
Georgetown,Cheddi Jagan International Airport,GEO
Georgetown,Owen Roberts International Airport,GCM
Gibraltar,North Front Airport,GIB
Gilgit,Gilgit Airport,GIL
Girona,Girona-Costa Brava Airport,GRO
Glasgow,Glasgow International Airport,GLA
Glasgow,Glasgow Prestwick Airport,PIK
Goa,Goa International Airport,GOI
Goa,Mopa Airport,MGI
Goiânia,Santa Genoveva Airport,GYN
Gold Coast,Gold Coast Airport,OOL
Goma,Goma International Airport,GOM
Gomel,Gomel Airport,GME
Gothenburg City Airport,GSE,Reliever
Gran Canaria,Gran Canaria Airport,LPA
Granada,Granada Airport,GRX
Graz,Graz Airport,GRZ
Green Bay,Green Bay–Austin Straubel International Airport,GRB
Grenada,Maurice Bishop International Airport,GND
Grenoble,Grenoble-Isère Airport,GNB
Grodno,Hrodna Airport,GNA
Groningen (city),Groningen Airport Eelde,GRQ
Grozny,Grozny Airport,GRV
Guadalajara,Don Miguel Hidalgo y Costilla International Airport,GDL
Guangzhou,Guangzhou Baiyun International Airport,CAN
Guatemala City,La Aurora International Airport,GUA
Guayaquil,José Joaquín de Olmedo International Airport,GYE
Guernsey,Guernsey Airport,GCI
Guilin,Guilin Liangjiang International Airport,KWL
Guiyang,Guiyang Longdongbao Airport,KWE
Guwahati,Lokpriya Gopinath Bordoloi International Airport,GAU
Gwadar,Gwadar International Airport,GWD
Gyumri,Shirak Airport,LWN
Győr-Pér,Győr-Pér International Airport,QGY
Göteborg Landvetter Airport,GOT,Medium
Hagåtña,Antonio B. Won Pat International Airport,GUM
Hai District,Kilimanjaro International Airport,JRO
Haifa,Haifa Airport,HFA
Haikou,Haikou Meilan International Airport,HAK
Haiphong,Cat Bi International Airport,HPH
Hakodate,Hakodate Airport,HKD
Halifax,Halifax Stanfield International Airport,YHZ
Hambantota,Mattala Rajapaksa International Airport,HRi
Hamburg,Hamburg Airport,HAM
Hamilton,John C. Munro Hamilton International Airport,YHM
Hanga Roa,Mataveri International Airport,IPC
Hangzhou,Hangzhou Xiaoshan International Airport,HGH
Hanoi,Noi Bai International Airport,HAN
Hanover,Langenhagen Airport,HAJ
Harare,Robert Gabriel Mugabe International Airport,HRE
Harbin,Harbin Taiping International Airport,HRB
Hargeisa,Hargeisa Airport,HGA
Hartford,Bradley International Airport,BDL
Hassi Messaoud,Oued Irara Airport,HME
Hat Yai,Hat Yai International Airport,HDY
Haugesund,Haugesund Airport,HAU
Havana,José Martí International Airport,HAV
Hefei,Hefei Xinqiao International Airport,HFE
Helsinki,Helsinki-Vantaa Airport,HEL
Heraklion,Heraklion International Airport,HER
Herat,Herat International Airport,HEA
Hermosillo,Hermosillo International Airport,HMO
Hilo,Hilo International Airport,ITO
Hiroshima,Hiroshima Airport,HIJ
Ho Chi Minh City,Tan Son Nhat International Airport,SGN
Hobart,Hobart International Airport,HBA
Holguín,Frank País Airport,HOG
Hong Kong,Hong Kong International Airport,HKG
Honiara,Honiara International Airport,HIR
Honolulu,Daniel K. Inouye International Airport,HNL
Houston,George Bush Intercontinental Airport,IAH
Houston,William P. Hobby Airport,HOU
Huatulco,Bahías de Huatulco International Airport,HUX
Huesca,Huesca-Pirineos Airport,HSK
Huizhou,Huizhou Pingtan Airport,HUZ
Hulhulé Island,Velana International Airport,MLE
Huntsville,Huntsville International Airport,HSV
Hurghada,Hurghada International Airport,HRG
Huế,Phu Bai International Airport,HUI
Hyderabad,Rajiv Gandhi International Airport,HYD
Hévíz,Hévíz-Balaton Airport,SOB
Iași,Iași International Airport,IAS
Ibiza,Ibiza Airport,IBZ
Iloilo City,Iloilo International Airport,ILO
Ilulissat,Ilulissat Airport,JAV
Imphal,Imphal International Airport,IMF
Incheon,Incheon International Airport,ICN
Indianapolis,Indianapolis International Airport,IND
Indore,Devi Ahilya Bai Holkar International Airport,IDR
Inhambane,Inhambane Airport,INH
Innsbruck,Innsbruck Airport,INN
Inverness,Inverness Airport,INV
Ipoh,Sultan Azlan Shah Airport,IPH
Irkutsk,Irkutsk Airport,IKT
Isfahan,Isfahan International Airport,IFN
Islamabad,Gandhara International Airport,ISB
Isle of Man,Isle of Man Airport,IOM
Istanbul,Atatürk International Airport,IST
Istanbul,Sabiha Gökçen International Airport,SAW
Ivano-Frankivsk,Ivano-Frankivsk International Airport,IFO
Ixtapa,Ixtapa-Zihuatanejo International Airport,ZIH
Jacksonville,Jacksonville International Airport,JAX
Jaipur,Jaipur International Airport,JAI
Jakarta,Halim Perdanakusuma International Airport,HLP
Jakarta,Soekarno Hatta International Airport,CGK
Jayapura,Sentani Airport,DJJ
Jeddah,King Abdulaziz International Airport,JED
Jeju City,Jeju International Airport,CJU
Jerez de la Frontera,Jerez Airport,XRY
Jersey,Jersey Airport,JER
Jieyang,Jieyang Chaoshan International Airport,SWA
Jijel,Jijel Ferhat Abbas Airport,GJL
Jinan,Jinan Yaoqiang International Airport,TNA
Johannesburg,Lanseria International Airport,HLA
Johannesburg,OR Tambo International Airport,JNB
Johor Bahru,Senai International Airport,JHB
João Pessoa,Presidente Castro Pinto International Airport,JPA
Juba,Juba International Airport,JUB
Juneau,Juneau International Airport,JNU
Kabul,Hamid Karzai International Airport,KBL
Kagoshima,Kagoshima Airport,KOJ
Kailua,Kona International Airport,KOA
Kalamata,Kalamata International Airport,KLX
Kalibo,Kalibo International Airport,KLO
Kaliningrad,Khrabrovo Airport,KGD
Kandahar,Kandahar International Airport,KDH
Kangerlussuaq,Kangerlussuaq Airport,SFJ
Kannur,Kannur International Airport,CNN
Kano,Mallam Aminu Kano International Airport,KAN
Kanpur,Captain Lakshmi Sehgal International Airport,KPR
Kansas City,Kansas City International Airport,MCI
Kaohsiung,Kaohsiung International Airport,KHH
Karachi,Jinnah International Airport,KHI
Karaganda,Karaganda Airport,KGF
Karlovy Vary,Karlovy Vary Airport,KLV
Karpathos,Karpathos Island National Airport,AOK
Kasane,Kasane Airport,BBK
Kathmandu,Tribhuvan International Airport,KTM
Katowice,Katowice International Airport,KTW
Kaunas,Kaunas Airport,KUN
Kavala,Kavala International Airport,KVA
Kayseri,Erkilet Airport,ASR
Kazan,Kazan Airport,KZN
Kendari,Haluoleo Airport,KDI
Ketchikan,Ketchikan International Airport,KTN
Key West,Key West International Airport,EYW
Khabarovsk,Khabarovsk Novy Airport,KHV
Kharkiv,Kharkiv International Airport,HRK
Khartoum,Khartoum International Airport,KRT
Khujand,Khujand Airport,LBD
Kiev,Boryspil International Airport,KBP
Kiev,serving Kiev),GML
Kiev,Kyiv Zhuliany International Airport,IEV
Kigali,Kigali International Airport,KGL
Kingston,Norman Manley International Airport,KIN
Kingstown,Argyle International Airport,SVD
Kinshasa,N'djili Airport,FIH
Kiritimati,Cassidy International Airport,CXI
Kisangani,Bangoka International Airport,FKI
Kish Island,Kish Airport,KIH
Kismayo,Kismayo Airport,KMU
Kisumu,Kisumu International Airport,KIS
Kitakyushu,New Kitakyushu Airport,KKJ
Kittilä,Kittilä Airport,KTT
Klagenfurt,Klagenfurt Airport,KLU
Knock,Ireland West Airport Knock,NOC
Ko Samui,Samui Airport,USM
Kohat,Kohat Airport,OHT
Kolkata,Netaji Subhash Chandra Bose International Airport,CCU
Komatsu,Komatsu Airport,KMQ
Komsomolsk-on-Amur,Komsomolsk-on-Amur Airport,KXK
Konya,Konya Airport,KYA
Koror,Roman Tmetuchl International Airport,ROR
Kos,Kos Island International Airport,KGS
Kosrae,Kosrae International Airport,KSA
Kostanay,Kostanay Airport,KSN
Kota Bharu,Sultan Ismail Petra Airport,KBR
Kota Kinabalu,Kota Kinabalu International Airport,BKI
Kottayam,Sabarigiri International Airport,SIA
Kozhikode,Calicut International Airport,CCJ
Košice,Košice International Airport,KSC
Krabi,Krabi International Airport,KBV
Kraków,John Paul II International Airport Kraków-Balice,KRK
Kralendijk,Flamingo International Airport,BON
Krasnodar,Pashkovsky Airport,KRR
Krasnoyarsk,Yemelyanovo International Airport,KJA
Kristiansand Airport,Kjevik,KRS
Kristiansund Airport,Kvernberget,KSU
Kryvyi Rih,Kryvyi Rih International Airport,KWG
Kuala Lumpur,Kuala Lumpur International Airport,KUL
Kuching,Kuching International Airport,KCH
Kunming,Kunming Changshui International Airport,KMG
Kuopio,Kuopio Airport,KUO
Kupang,El Tari Airport,KOE
Kursk,Kursk Vostochny Airport,URS
Kutaisi,Kutaisi International Airport,KUT
Kuusamo,Kuusamo Airport,KAO
Kuwait City,Kuwait International Airport,KWI
Kwajalein,Bucholz Army Airfield,KWA
Kütahya,Zafer Airport,KZR
La Ceiba,Golosón International Airport,LCE
La Palma,La Palma Airport,SPC
La Paz,El Alto International Airport,LPB
La Romana,La Romana International Airport,LRM
Lagos,Murtala Mohammed International Airport,LOS
Lahore,Allama Iqbal International Airport,LHE
Lakeland,Lakeland Linder International Airport,LAL
Lamezia Terme,Lamezia Terme Airport,SUF
Langkawi,Langkawi International Airport,LGK
Lankaran District,Lankaran International Airport,LLK
Lansing,Capital Region International Airport,LAN
Lanzarote,Lanzarote Airport,ACE
Lanzhou,Lanzhou Zhongchuan International Airport,LHW
Laoag,Laoag International Airport,LAO
Lappeenranta,Lappeenranta Airport,LPP
Lapu-Lapu,Mactan–Cebu International Airport,CEB
Larnaca,Larnaca International Airport,LCA
Las Vegas,McCarran International Airport,LAS
Latakia,Bassel Al-Assad International Airport,LTK
Leeds,Leeds Bradford International Airport,LBA
Leipzig,Leipzig/Halle Airport,LEJ
Leticia,Alfredo Vásquez Cobo International Airport,LET
León,Del Bajío International Airport,BJX
Lhasa (prefecture-level city),Lhasa Gonggar Airport,LXA
Liberia,Daniel Oduber Quirós International Airport,LIR
Libreville,Libreville International Airport,LBV
Lille,Lille Lesquin Airport,LIL
Lilongwe,Lilongwe International Airport,LLW
Lima,Jorge Chávez International Airport,LIM
Limoges,Bellegarde Airport,LIG
Linz,Linz Airport,LNZ
Lisbon,Humberto Delgado Airport,LIS
Liuzhou,Liuzhou Bailian Airport,LZH
Liverpool,Liverpool John Lennon Airport,LPL
Livingstone,Harry Mwanga Nkumbula International Airport,LVI
Liège,Liège Airport,LGG
Ljubljana,Ljubljana Jože Pučnik Airport,LJU
Lleida,Alguaire Airport,ILD
Lomé,Tokoin Airport,LFW
London,Gatwick Airport,LGW
London,Heathrow Airport,LHR
London,London City Airport,LCY
London,London International Airport,YXU
London,Southend Airport,SEN
London,Stansted Airport,STN
London,Luton Airport,LTN
Loreto,Loreto International Airport,LTO
Los Angeles,Los Angeles International Airport,LAX
Los Cabos Municipality,Los Cabos International Airport,SJD
Louisville,Louisville International Airport,SDF
Luanda,Quatro de Fevereiro Airport,LAD
Luang Prabang,Luang Prabang International Airport,LPQ
Lubango,Lubango Airport,SSD
Lublin,Lublin Airport,LUZ
Lubumbashi,Lubumbashi International Airport,FBM
Lucknow,Chaudhary Charan Singh International Airport,LKO
Luganville,Santo-Pekoa International Airport,SON
Luhansk,Luhansk International Airport,VSG
Luleå,Luleå Airport,LLA
Luoyang,Luoyang Beijiao Airport,LYA
Lusaka,Kenneth Kaunda International Airport,LUN
Luxembourg City,Findel Airport,LUX
Luxor,Luxor International Airport,LXR
Lviv,Lviv Danylo Halytskyi International Airport,LWO
Lyon,Saint-Exupéry Airport,LYS
Lübeck,Lübeck Airport,LBC
Maastricht,Maastricht-Aachen Airport,MST
Macau,Macau International Airport,MFM
Maceió,Zumbi dos Palmares International Airport,MCZ
Machala,Santa Rosa International Airport,ETR
Madrid,Madrid-Barajas Airport,MAD
Madurai,Madurai International Airport,IXM
Magadan,Sokol Airport,GDX
Magnitogorsk,Magnitogorsk International Airport,MQF
Mahajanga,Amborovy Airport,MJN
Majuro,Marshall Islands International Airport,MAJ
Makassar,Hasanuddin International Airport,UPG
Makhachkala,Uytash Airport,MCX
Malabo,Malabo International Airport,SSG
Malatya,Erhaç Airport,MLX
Malmö,Malmö Airport,MMX
Manado,Sam Ratulangi International Airport,MDC
Managua,Augusto C. Sandino International Airport,MGA
Manama,Bahrain International Airport,BAH
Manaus,Eduardo Gomes International Airport,MAO
Manchester,Manchester Airport,MAN
Mandalay,Mandalay International Airport,MDL
Mangalore,Mangalore International Airport,IXE
Manila,Ninoy Aquino International Airport,MNL
Manta,Eloy Alfaro International Airport,MEC
Manzanillo Municipality,Playa de Oro International Airport,ZLO
Manzini,King Mswati III International Airport,SHO
Maputo,Maputo International Airport,MPM
Maracaibo,La Chinita International Airport,MAR
Maribor,Maribor Edvard Rusjan Airport,MBX
Marrakech,Marrakech-Menara Airport,RAK
Marsa Alam,Marsa Alam International Airport,RMF
Marseille,Provence Airport,MRS
Marsh Harbour,Marsh Harbour International Airport,MHH
Mary,Mary International Airport,MYP
Maseru,Moshoeshoe I International Airport,MSU
Mashhad,Mashhad International Airport,MHD
Mataram (city),Lombok International Airport,LOP
Maun,Maun Airport,MUB
Mazar-i-Sharif,Mazar-e Sharif International Airport,MZR
Mazatlán,General Rafael Buelna International Airport,MZT
Medan,Kuala Namu International Airport,KNO
Medellín,José María Córdova International Airport,MDE
Medina,Prince Mohammad Bin Abdulaziz International Airport,MED
Melbourne,Melbourne Airport,MEL
Melbourne,Melbourne International Airport,MLB
Memmingen,Memmingen Airport,FMM
Memphis,Memphis International Airport,MEM
Mendoza,Governor Francisco Gabrielli International Airport,MDZ
Menorca,Menorca Airport,MAH
Mersa Matruh,Mersa Matruh Airport,MUH
Mestia,Queen Tamar Airport,UGMS
Mexico City,Mexico City International Airport,MEX
Miami,Miami International Airport,MIA
Mianyang,Mianyang Nanjiao Airport,MIG
Middlesbrough,Durham Tees Valley Airport,MME
Milan,Linate Airport,LIN
Milan,Malpensa Airport,MXP
Milwaukee,General Mitchell International Airport,MKE
Mineralnye Vody,Mineralnye Vody Airport,MRV
Minneapolis/Saint Paul,Minneapolis-Saint Paul International Airport,MSP
Minsk,Minsk International Airport,MSQ
Mogadishu,Aden Adde International Airport,MGQ
Mombasa,Moi International Airport,MBA
Monastir,Habib Bourguiba International Airport,MIR
Moncton,Greater Moncton International Airport,YQM
Monrovia,Roberts International Airport,ROB
Montego Bay,Sangster International Airport,MBJ
Monterrey,General Mariano Escobedo International Airport,MTY
Montevideo,Carrasco International Airport,MVD
Montreal,Montreal-Pierre Elliott Trudeau International Airport,YUL
Morelia,General Francisco J. Mujica International Airport,MLM
Moroni,Prince Said Ibrahim International Airport,HAH
Moscow,Domodedovo International Airport,DME
Moscow,Sheremetyevo International Airport,SVO
Moscow,Vnukovo Airport,VKO
Moss Airport,Moss Airport,RYG
Mostar,Mostar International Airport,OMO
Mosul,Mosul International Airport,OSM
Muan,Muan International Airport,MWX
Mudanjiang,Mudanjiang Airport,MDG
Mulhouse,Basel-Mulhouse-Freiburg Airport,BSL
Multan,Multan International Airport,MUX
Mumbai,Chhatrapati Shivaji International Airport,BOM
Munich,Munich Airport,MUC
Murcia,Murcia-San Javier Airport,MJV
Murmansk,Murmansk Airport,MMK
Muscat,Muscat International Airport,MCT
Mykolaiv Oblast,Mykolaiv International Airport,NLV
Mykonos,Mykonos Island National Airport,JMK
Myrtle Beach,Myrtle Beach International Airport,MYR
Mytilene,Mytilene International Airport,MJT
Málaga,Málaga Airport,AGP
Mérida,Manuel Crescencio Rejón International Airport,MID
N'Djamena,N'Djamena International Airport,NDJ
Nadi,Nadi International Airport,NAN
Nador,Nador International Airport,NDR
Nagasaki,Nagasaki Airport,NGS
Nagoya,Chubu Centrair International Airport,NGO
Nagpur,Dr. Babasaheb Ambedkar International Airport,NAG
Nairobi,Jomo Kenyatta International Airport,NBO
Nakhchivan (city),Nakhchivan Airport,NAJ
Nalchik,Nalchik Airport,NAL
Namangan,Namangan Airport,NMA
Nampula,Nampula Airport,APL
Nanchang,Nanchang Changbei International Airport,KHN
Nanjing,Nanjing Lukou International Airport,NKG
Nanning,Nanning Wuxu International Airport,NNG
Nantes,Nantes Atlantique Airport,NTE
Nantong,Nantong Xingdong Airport,NTG
Naples,Capodichino Airport,NAP
Narsarsuaq,Narsarsuaq Airport,UAK
Nashville,Nashville International Airport,BNA
Nassau,Lynden Pindling International Airport,NAS
Natakhtari,Natakhtari Airfield,UGSA
Natal,Greater Natal International Airport,NAT
Navi Mumbai,Navi Mumbai International Airport,NMA
Naypyidaw,Naypyidaw International Airport,NYT
Ndiass,Blaise Diagne International Airport,DSS
Ndola,Simon Mwansa Kapwepwe International Airport,NLA
Nelspruit,Kruger Mpumalanga International Airport,MQP
Nevşehir,Kapadokya Airport,NAV
New Orleans,Louis Armstrong New Orleans International Airport,MSY
New York City,John F. Kennedy International Airport,JFK
New York City,LaGuardia Airport,LGA
Newark,Newark Liberty International Airport,EWR
Newburgh,Stewart International Airport,SWF
Newcastle upon Tyne,Newcastle Airport,NCL
Newquay,Newquay Cornwall Airport,NQY
Nha Trang,Cam Ranh International Airport,CXR
Niamey,Diori Hamani International Airport,NIM
Nice,Côte d'Azur Airport,NCE
Niigata,Niigata Airport,KIJ
Nijgadh,Nijgadh International Airport,NIJ
Ningbo,Ningbo Lishe International Airport,NGB
Nizhnekamsk,Begishevo Airport,NBC
Nizhnevartovsk,Nizhnevartovsk Airport,NJC
Nizhny Novgorod,Strigino Airport,GOJ
Niš,Niš Constantine the Great Airport,INI
Norfolk Island,Norfolk Airport,NLK
Norrköping,Norrköping Airport,NRK
North Nicosia,Ercan International Airport,ECN
Norwich,Norwich International Airport,NWI
Nosy Be,Fascene Airport,NOS
Nottingham,East Midlands Airport,EMA
Nouadhibou,Nouadhibou International Airport,NDB
Nouakchott,Nouakchott–Oumtounsy International Airport,NKC
Nouméa,La Tontouta International Airport,NOU
Novokuznetsk,Spichenkovo Airport,NOZ
Novosibirsk,Tolmachevo Airport,OVB
Nukuʻalofa,Fua{{Okina}}amotu International Airport,TBU
Nuremberg,Albrecht Dürer Airport,NUE
Nuuk,Nuuk Airport,GOH
Nîmes,Garons Airport,FNI
Oakland,Metropolitan Oakland International Airport,OAK
Oaxaca City,Xoxocotlán International Airport,OAX
Odessa,Lymanske International Airport,none
Odessa,Odessa International Airport,ODS
Ohrid,Ohrid St. Paul the Apostle Airport,OHD
Oita,Oita Airport,OIT
Okayama,Okayama Airport,OKJ
Olbia,Costa Smeralda Airport,OLB
Olongapo,Subic Bay International Airport,SFS
Omaha,Eppley Airfield,OMA
Omsk,Omsk Tsentralny Airport,OMS
Ontario,Ontario International Airport,ONT
Oradea,Oradea International Airport,OMR
Oral,Oral Ak Zhol Airport,URA
Oran,Oran Es Senia Airport,ORN
Orange County,John Wayne Airport,SNA
Oranjestad,F. D. Roosevelt Airport,EUX
Oranjestad,Queen Beatrix International Airport,AUA
Orenburg,Orenburg Tsentralny Airport,REN
Orlando,Orlando International Airport,MCO
Orlando,Orlando Sanford International Airport,SFB
Orsk,Orsk Airport,OSW
Osaka,Kansai International Airport,KIX
Osh,Osh Airport,OSS
Osijek,Osijek Airport,OSI
Oslo Airport,Oslo Airport-Gardermoen,OSL
Ostend,Ostend-Bruges International Airport,OST
Ostrava,Leoš Janáček Ostrava Airport,OSR
Ottawa,Ottawa Macdonald-Cartier International Airport,YOW
Ouagadougou,Ouagadougou Airport,OUA
Oujda,Angads Airport,OUD
Oulu,Oulu Airport,OUL
Oumache,Biskra Airport,BSK
Padang,Minangkabau International Airport,PDG
Pago Pago,Pago Pago International Airport,PPG
Pakse,Pakse International Airport,PKZ
Palanga,Palanga International Airport,PLQ
Palangkaraya,Tjilik Riwut Airport,PKY
Palembang,Sultan Mahmud Badaruddin II Airport,PLM
Palermo,Palermo Airport,PMO
Palm Springs,Palm Springs International Airport,PSP
Palma de Mallorca,Palma de Mallorca Airport,PMI
Palu,Mutiara Airport,PLW
Panama City Beach,Northwest Florida Beaches International Airport,ECP
Panama City,Tocumen International Airport,PTY
Panglao Island,Bohol–Panglao International Airport,TAG
Papeete,Faa'a International Airport,PPT
Paphos,Paphos International Airport,PFO
Paramaribo,Johan Adolf Pengel International Airport,PBM
Pardubice,Pardubice Airport,PED
Paris,Charles de Gaulle Airport,CDG
Paris,Orly Airport,ORY
Paro,Paro Airport,PBH
Patna,Jay Prakash Narayan International Airport,PAT
Pau,Uzein Airport,PUF
Pekanbaru,Sultan Syarif Qasim II International Airport,PKU
Pemba,Pemba Airport,POL
Penang,Penang International Airport,PEN
Pensacola,Pensacola International Airport,PNS
Pereira,Matecaña International Airport,PEI
Perm,Perm International Airport,PEE
Perpignan,Llabanère Airport,PGF
Perth,Perth Airport,PER
Perugia,San Egidio Airport,PEG
Pescara,Abruzzo Airport,PSR
Peshawar,Bacha Khan International Airport,PEW
Petrolina,Senador Nilo Coelho Airport,PNZ
Petropavlovsk-Kamchatsky,Yelizovo Airport,PKC
Petrozavodsk,Petrozavodsk Airport,PES
Philadelphia,Philadelphia International Airport,PHL
Philipsburg,Princess Juliana International Airport,SXM
Phnom Penh,Phnom Penh International Airport,PNH
Phoenix,Phoenix Sky Harbor International Airport,PHX
Phoenix,Phoenix–Mesa Gateway Airport,AZA
Phu Quoc,Phu Quoc International Airport,PQC
Phuket City,Phuket International Airport,HKT
Piešťany,Piešťany Airport,PZY
Pisa,Galileo Galilei Airport,PSA
Pittsburgh,Pittsburgh International Airport,PIT
Plaine Magnien,Sir Seewoosagur Ramgoolam International Airport,MRU
Plovdiv,Plovdiv Airport,PDV
Podgorica,Podgorica Airport,TGD
Pohnpei,Pohnpei International Airport,PNI
Pointe-Noire,Pointe Noire Airport,PNR
Pointe-à-Pitre,Pôle Caraïbes International Airport,PTP
Poitiers,Biard Airport,PIS
Pokhara,Pokhara International Airport,PKR
Ponta Delgada,João Paulo II Airport,PDL
Poprad,Poprad-Tatry Airport,TAT
Port Blair,Veer Savarkar International Airport,IXZ
Port Harcourt,Port Harcourt International Airport,PHC
Port Hedland,Port Hedland International Airport,PHE
Port Moresby,Jacksons International Airport,POM
Port Sudan,Port Sudan New International Airport,PZU
Port Vila,Bauerfield International Airport,VLI
Port of Spain,Piarco International Airport,POS
Port-Gentil,Port-Gentil International Airport,POG
Port-au-Prince,Toussaint Louverture International Airport,PAP
Portland,Portland International Airport,PDX
Portland,Portland International Jetport,PWM
Porto Alegre,Salgado Filho International Airport,POA
Porto Santo Island,Porto Santo Airport,PXO
Porto Velho,Governador Jorge Teixeira de Oliveira International Airport,PVH
Porto,Francisco Sá Carneiro Airport,OPO
Portorož,Portorož Airport,POW
Poznań,Poznań Ławica Airport,POZ
Prague,Prague Václav Havel Airport,PRG
Praia,Nelson Mandela International Airport,RAI
Preveza,Aktion National Airport,PVK
Pristina,Pristina International Airport,PRN
Providence,T.F. Green Airport,PVD
Providenciales,Providenciales Airport,PLS
Provideniya,Provideniya Bay Airport,PVS
Pskov,Pskov Airport,PKV
Puebla City,Hermanos Serdán International Airport,PBC
Puerto Cabezas,Puerto Cabezas Airport,PUZ
Puerto Iguazú,Cataratas del Iguazú International Airport,IGR
Puerto Montt,El Tepual International Airport,PMC
Puerto Princesa,Puerto Princesa International Airport,PPS
Puerto Vallarta,Lic. Gustavo Díaz Ordaz International Airport,PVR
Pula,Pula Airport,PUY
Pune,Chhatrapati Sambhaji Raje International Airport,CRANPQ
Pune,Pune International Airport,PNQ
Punta Arenas,Presidente Carlos Ibáñez del Campo International Airport,PUQ
Punta Cana,Punta Cana International Airport,PUJ
Punta del Este,Capitan Corbeta CA Curbelo International Airport,PDP
Pyongyang,Pyongyang International Airport,FNJ
Pécs-Pogány,Pécs-Pogány International Airport,QPJ
Qabala,Qabala International Airport,GBB
Qeshm,Dayrestan Airport,GSM
Qingdao,Qingdao liuting International Airport,TAO
Quanzhou,Quanzhou Jinjiang International Airport,JJN
Quebec City,Quebec/Jean Lesage International Airport,YQB
Queenstown,Queenstown Airport,ZQN
Querétaro City,Querétaro Intercontinental Airport,QRO
Quetta,Quetta International Airport,UET
Quito,Mariscal Sucre International Airport,UIO
Quảng Nam Province,Chu Lai International Airport,VCL
Rabat,Rabat-Salé Airport,RBA
Rahim Yar Khan,Shaikh Zayed International Airport,RYK
Raipur,Swami Vivekananda Airport,RPR
Raleigh,Raleigh-Durham International Airport,RDU
Ranchi,Birsa Munda International Airport,IXR
Ras al-Khaimah,Ras Al Khaimah International Airport,RKT
Rayong,U-Tapao International Airport,UTP
Recife,Guararapes International Airport,REC
Regina,Regina International Airport,YQR
Reno,Reno-Tahoe International Airport,RNO
Resistencia,Resistencia International Airport,RES
Reus,Reus Airport,REU
Reykjavík,Keflavik International Airport,KEF
Reykjavík,Reykjavik Airport,RKV
Rhodes,Rhodes International Airport,RHO
Riga,Riga International Airport,RIX
Rijeka,Rijeka Airport,RJK
Rimini,Federico Fellini Airport,RMI
Rio Branco,Rio Branco International Airport,RBR
Rio de Janeiro,Rio de Janeiro-Galeão International Airport,GIG
Rio de Janeiro,Santos Dumont Airport,SDU
Riyadh,King Khalid International Airport,RUH
Road Town,Terrance B. Lettsome International Airport,EIS
Roatán,Juan Manuel Gálvez International Airport,RTB
Rochester,Greater Rochester International Airport,ROC
Rochester,Rochester International Airport,RST
Rockford,Chicago Rockford International Airport,RFD
Rodez,Marcillac Airport,RDZ
Rome,Leonardo da Vinci-Fiumicino Airport,FCO
Rome,Rome Ciampino Airport,CIA
Roseau,Melville Hall Airport,DOM
Rostov-on-Don,Rostov-na-Donu Airport,ROV
Rota Island,Rota International Airport,ROP
Rotterdam,Rotterdam The Hague Airport,RTM
Rovaniemi,Rovaniemi Airport,RVN
Rzeszów,Rzeszów-Jasionka Airport,RZE
Río Gallegos,Piloto Civil N. Fernández International Airport,RGL
Saba,Juancho E. Yrausquin Airport,SAB
Sabha,Sebha Airport,SEB
Sacramento,Sacramento International Airport,SMF
Saidu Sharif,Saidu Sharif Airport,SDT
Saint Catherine,St. Catherine International Airport,SKV
Saint Croix,Henry E. Rohlsen Airport,STX
Saint Helena,Saint Helena Airport,HLE
Saint Jean,Gustaf III Airport,SBH
Saint Kitts,Robert L. Bradshaw International Airport,SKB
Saint Petersburg,Pulkovo Airport,LED
Saint Thomas,Cyril E. King Airport,STT
Saint-Denis,Roland Garros Airport,RUN
Saint-Pierre,Saint-Pierre Airport,FSP
Saint-Étienne,Bouthéon Airport,EBU
Saipan Island,Saipan International Airport,SPN
Sal,Amílcar Cabral International Airport,SID
Salalah,Salalah International Airport,SLL
Salt Lake City,Salt Lake City International Airport,SLC
Saltillo,Plan de Guadalupe International Airport,SLW
Salvador,Deputado Luís Eduardo Magalhães International Airport,SSA
Salzburg,Salzburg Airport,SZG
Samaná (town),Samaná El Catey International Airport,AZS
Samara,Samara Kurumoch Airport,KUF
Samarinda,Samarinda International Airport,SRI
Samos,Samos International Airport,SMI
Samsun,Samsun-Çarşamba Airport,SZF
San Andrés,Gustavo Rojas Pinilla International Airport,ADZ
San Antonio,San Antonio International Airport,SAT
San Bernardino,San Bernardino International Airport,SBD
San Carlos de Bariloche,Teniente Luis Candelaria International Airport,BRC
San Diego,San Diego International Airport,SAN
San Felipe de Puerto Plata,Gregorio Luperón International Airport,POP
San Francisco,San Francisco International Airport,SFO
San Jose,San Jose International Airport,SJC
San José,Juan Santamaría International Airport,SJO
San Juan de Puerto Rico,Luis Muñoz Marín International Airport,SJU
San Luis Potosí City,Ponciano Arriaga International Airport,SLP
San Pedro Sula,Ramón Villeda Morales International Airport,SAP
San Salvador,Monseñor Óscar Arnulfo Romero International Airport,SAL
Sana'a,Sana'a International Airport,SAH
Sandefjord Airport,Sandefjord Airport,TRF
Santa Clara,Abel Santa María Airport,SNU
Santa Cruz de Barahona,María Montez International Airport,BRX
Santa Cruz de la Sierra,Viru Viru International Airport,VVI
Santa Marta,Simón Bolívar International Airport,SMR
Santander,Santander Airport,SDR
Santiago de Compostela,Santiago de Compostela Airport,SCQ
Santiago de Cuba,Antonio Maceo Airport,SCU
Santiago de los Caballeros,Cibao International Airport,STI
Santiago,Comodoro Arturo Merino Benítez International Airport,SCL
Santo Domingo,Las Américas International Airport,SDQ
Santorini,Santorini (Thira) National Airport,JTR
Sanya,Sanya Phoenix International Airport,SYX
Sapporo,New Chitose Airport,CTS
Sarajevo,Sarajevo International Airport,SJJ
Sarasota,Sarasota-Bradenton International Airport,SRQ
Saratov,Saratov Tsentralny Airport,RTW
Saskatoon,Saskatoon John G. Diefenbaker International Airport,YXE
Seattle,King County International Airport,BFI
Seattle,Kenmore Air Harbor Seaplane Base,LKE
Seattle,Seattle-Tacoma International Airport,SEA
Seiyun,Seiyun Airport,GXF
Semarang,Achmad Yani International Airport,SRG
Sendai,Sendai Airport,SDJ
Seoul,Gimpo International Airport,GMP
Seville,Seville Airport,SVQ
Sfax,Thyna International Airport,SFA
Shanghai,Shanghai Hongqiao International Airport,SHA
Shanghai,Shanghai Pudong International Airport,PVG
Shannon,Shannon Airport,SNN
Sharjah (city),Sharjah International Airport,SHJ
Sharm el-Sheikh,Sharm el-Sheikh International Airport,SSH
Shenyang,Shenyang Taoxian International Airport,SHE
Shenzhen,Shenzhen Bao'an International Airport,SZX
Shijiazhuang,Shijiazhuang Zhengding International Airport,SJW
Shiraz,Shiraz International Airport,SYZ
Shizuoka,Shizuoka Airport,FSZ
Shymkent,Shymkent Airport,CIT
Sialkot,Sialkot International Airport,SKT
Sibiu,Sibiu International Airport,SBZ
Siddharthanagar,Gautam Buddha Airport,BWA
Siem Reap,Siem Reap International Airport,REP
Sihanoukville (city),Sihanouk International Airport,KOS
Siliguri,Bagdogra International Airport,IXB
Simferopol,Simferopol International Airport,SIP
Singapore,Singapore Changi Airport,SIN
Skardu,Skardu Airport,KDU
Skiathos,Skiathos Island National Airport,JSI
Skopje,Skopje Alexander the Great Airport,SKP
Skyros,Skyros Island National Airport,SKU
Sliač,Sliač Airport,SLD
Snohomish County,Paine Field,PAE
Sochi,Sochi International Airport,AER
Sofia,Sofia Airport,SOF
Sohag,Sohag International Airport,HMB
Sokhumi,Sukhumi Babushara Airport,SUI
Sokoto,Sadiq Abubakar III International Airport,SKO
South Eleuthera,Rock Sound International Airport,RSD
Southampton,Southampton Airport,SOU
Split (city),Split Airport,SPU
Spokane,Spokane International Airport,GEG
Srinagar,Srinagar Airport,SXR
St. Gallen,St. Gallen-Altenrhein Airport,ACH
St. George's,L.F. Wade International Airport,BDA
St. John's,St. John's International Airport,YYT
St. Louis,Lambert-Saint Louis International Airport,STL
St. Petersburg,St. Petersburg-Clearwater International Airport,PIE
Stavanger,Stavanger Airport,SVG
Stavropol,Stavropol Shpakovskoye Airport,STW
Stockholm Bromma Airport,Stockholm-Bromma Airport,BMA
Stockholm-Arlanda Airport,ARN,Large
Stockholm-Skavsta Airport,NYO,Small
Stockholm-Västerås Airport,VST,Non-Hub
Strasbourg,Strasbourg Airport,SXB
Stuttgart,Stuttgart Airport,STR
Subang,Sultan Abdul Aziz Shah Airport,SZB
Sulaymaniyah,Sulaimaniyah International Airport,ISU
Surabaya,Juanda International Airport,SUB
Surakarta,Adisumarmo International Airport,SOC
Surat Thani,Surat Thani Airport,URT
Surgut,Surgut International Airport,SGC
Suva,Nausori International Airport,SUV
Sydney,Sydney Airport,SYD
Syktyvkar,Syktyvkar Airport,SCW
Sylhet,Osmani International Airport,ZYL
Syracuse,Syracuse Hancock International Airport,SYR
Szczecin,"Szczecin-Goleniów ""Solidarność"" Airport",SZZ
São Luís,Marechal Cunha Machado International Airport,SLZ
São Paulo,São Paulo-Guarulhos International Airport,GRU
São Paulo,São Paulo–Congonhas Airport,CGH
São Tomé,São Tomé International Airport,TMS
São Vicente,Cesária Évora Airport,VXE
Sétif,Ain Arnat Airport,QSF
Taba,Taba International Airport,TCP
Tabarka,Tabarka–Aïn Draham International Airport,TBJ
Tabriz,Tabriz International Airport,TBZ
Taichung,Taichung International Airport,RMQ
Taipei,Taipei Songshan Airport,TSA
Taiyuan,Taiyuan Wusu International Airport,TYN
Tajoura,Mitiga International Airport,MJI
Tallahassee,Tallahassee International Airport,TLH
Tallinn,Lennart Meri Tallinn Airport,TLL
Tamale,Tamale Airport,TML
Tamanrasset,Tamanrasset Airport,TMR
Tampa,Tampa International Airport,TPA
Tampere,Tampere-Pirkkala Airport,TMP
Tampico,General Francisco Javier Mina International Airport,TAM
Tangier,Tangier-Boukhalef Airport,TNG
Taoyuan,Taoyuan International Airport,TPE
Tarawa,Bonriki International Airport,TRW
Tartu,Tartu Airport,TAY
Tashkent,Tashkent International Airport,TAS
Tbilisi,Tbilisi International Airport,TBS
Tegucigalpa,Toncontin International Airport,TGU
Tehran,Mehrabad International Airport,THR
Tehran,Tehran Imam Khomeini International Airport,IKA
Tel Aviv,Ben Gurion Airport,TLV
Tenerife,Tenerife South Airport,TFS
Tenerife,Tenerife North Airport,TFN
Terceira Island,Terceira Airport,TER
Teresina,Teresina Airport,THE
Tete,Chingozi Airport,TET
Tetouan,Sania Ramel Airport,TTU
The Valley,Clayton J. Lloyd International Airport,AXA
Thessaloniki,Thessaloniki International Airport,SKG
Tianjin,Tianjin Binhai International Airport,TSN
Tianshui,Tianshui Airport,THQ
Tijuana,Gral. Abelardo L. Rodríguez International Airport,TIJ
Timișoara,Traian Vuia International Airport,TSR
Tinian Island,Tinian International Airport,TIQ
Tirana,Tirana International Airport Nënë Tereza,TIA
Tirupati,Tirupati Airport,TIR
Tivat,Tivat Airport,TIV
Tlemcen,Zenata Airport,TLM
Toamasina,Toamasina Airport,TMM
Tobago,Arthur Napoleon Raymond Robinson International Airport (formerly Crown Point International Airport),TAB
Tokyo,Haneda International Airport,HND
Tokyo,Narita International Airport,NRT
Toliara,Toliara Airport,TLE
Toluca,Lic. Adolfo López Mateos International Airport,TLC
Tomsk,Bogashevo Airport,TOF
Toronto (Mississauga),Toronto Pearson International Airport,YYZ
Torreón,Francisco Sarabia International Airport,TRC
Toulon,Hyères Le Palyvestre Airport,TLN
Toulouse,Blagnac Airport,TLS
Tours,Tours Loire Valley Airport,TUF
Townsville,Townsville International Airport,TSV
Tozeur,Nefta International Airport,TOE
Trabzon,Trabzon Airport,TZX
Trapani,Vincenzo Florio Airport,TPS
Trichy,Tiruchirappalli International Airport,TRZ
Trieste,Friuli Venezia Giulia Airport,TRS
Tripoli,Tripoli International Airport,TIP
Trivandrum,Trivandrum International Airport,TRV
Tromsø,Tromsø Airport,TOS
Trondheim,Trondheim Airport,TRD
Tulcán,Teniente Coronel Luis a Mantilla International Airport,TUA
Tunis,Carthage International Airport,TUN
Turbat,Turbat International Airport,TUK
Turin,Caselle Airport,TRN
Turku,Turku Airport,TKU
Tuxtla Gutierrez,Angel Albino Corzo International Airport,TGZ
Tuzla,Tuzla International Airport,TZL
Tyumen,Roshchino International Airport,TJM
Tôlanaro,Tôlanaro Airport,FTU
Türkmenbaşy,Turkmenbashi International Airport,KRW
Uberlândia,Uberlândia Airport,UDI
Udon Thani,Udon Thani International Airport,UTH
Ufa,Ufa International Airport,UFA
Ulan Bator,Chinggis Khaan International Airport,ULN
Ulan-Ude,Baikal International Airport,UUD
Ulyanovsk,Ulyanovsk Vostochny Airport,ULY
Umeå,Umeå Airport,UME
Unguja,Abeid Amani Karume International Airport,ZNZ
Uruapan,Uruapan International Airport,UPN
Ushuaia,Ushuaia International Airport,USH
Vaasa,Vaasa Airport,VAA
Valencia (city in Spain),Valencia Airport,VLC
Valencia,Arturo Michelena International Airport,VLN
Valladolid,Valladolid Airport,VLL
Valletta,Malta International Airport,MLA
Vancouver,Vancouver International Airport,YVR
Varadero,Juan Gualberto Gómez Airport,VRA
Varanasi,Lal Bahadur Shastri International Airport,VNS
Varna,Varna Airport,VAR
Vavaʻu,Vava'u International Airport,VAV
Venice,Venice Marco Polo Airport,VCE
Ventspils,Ventspils International Airport,VNT
Veracruz (city),General Heriberto Jara International Airport,VER
Verona,Verona Airport,VRN
Victoria Falls,Victoria Falls Airport,VFA
Victoria,Seychelles International Airport,SEZ
Victoria,Victoria International Airport,YYJ
Vienna,Vienna International Airport,VIE
Vientiane,Wattay International Airport,VTE
Vieux Fort Quarter,Hewanorra International Airport,UVF
Vijayawada,Vijayawada International Airport,VGA
Vilankulo,Vilankulo Airport,VNX
Villahermosa,Carlos Rovirosa Pérez International Airport,VSA
Vilnius,Vilnius International Airport,VNO
Visakhapatnam,Bhogapuram Airport,VSA
Visakhapatnam,Visakhapatnam Airport,VTZ
Visby,Visby Airport,VBY
Vitória,Eurico de Aguiar Salles Airport,VIX
Vladikavkaz,Beslan Airport,OGZ
Vladivostok,Vladivostok International Airport,VVO
Volgograd,Volgograd International Airport,VOG
Volos,Nea Anchialos National Airport,VOL
Voronezh,Voronezh International Airport,VOZ
Vágar,Vágar Airport,FAE
Växjö,Växjö Airport,VXO
Wallis Island,Hihifo Airport,WLS
Walvis Bay,Walvis Bay Airport,WVB
Warsaw,Frédéric Chopin Airport,WAW
Warsaw,Modlin Airport,WMI
Washington,Ronald Reagan Washington National Airport**,DCA
Washington,Washington Dulles International Airport,IAD
Weeze,Weeze Airport,NRN
Weihai,Weihai International Airport,WEH
Wellington,Wellington International Airport,WLG
Wenzhou,Wenzhou Yongqiang Airport,WNZ
West Palm Beach,Palm Beach International Airport,PBI
Willemstad,Hato International Airport,CUR
Windhoek,Hosea Kutako International Airport,WDH
Winnipeg,Winnipeg James Armstrong Richardson International Airport,YWG
Wrocław,Copernicus Airport Wrocław,WRO
Wuhan,Wuhan Tianhe International Airport,WUH
Wuxi,Sunan Shuofang International Airport,WUX
Xi'an,Xi'an Xianyang International Airport,XIY
Xiamen,Xiamen Gaoqi International Airport,XMN
Xiangyang,Xiangyang Airport,XFN
Xichang,Xichang Qingshan Airport,XIC
Xining,Xining Caojiabao Airport,XNN
Xuzhou,Xuzhou Guanyin Airport,XUZ
Yakutsk,Yakutsk Airport,YKS
Yancheng,Yancheng Nanyang Airport,YNZ
Yangon,Yangon International Airport,RGN
Yangyang,Yangyang International Airport,YNY
Yanji,Yanji Airport,YNJ
Yantai,Yantai Penglai International Airport,YNT
Yaoundé,Nsimalen Airport,NSI
Yap,Yap International Airport,YAP
Yaren District,Nauru International Airport,INU
Yaroslavl,Tunoshna Airport,IAR
Yekaterinburg,Koltsovo International Airport,SVX
Yerevan,Zvartnots International Airport,EVN
Yinchuan,Yinchuan Hedong International Airport,INC
Yogyakarta,Adisucipto International Airport,JOG
Yuzhno-Sakhalinsk,Yuzhno-Sakhalinsk Airport,UUS
Zacatecas City,General Leobardo C. Ruiz International Airport,ZCL
Zadar,Zadar Airport,ZAD
Zagreb,Franjo Tuđman Airport,ZAG
Zakynthos,Zakynthos International Airport,ZTH
Zamboanga City,Zamboanga International Airport,ZAM
Zaporizhia,Zaporizhia International Airport,OZH
Zaragoza,Zaragoza Airport,ZAZ
Zhangjiajie,Zhangjiajie Hehua Airport,DYG
Zhangye,Zhangye Ganzhou Airport,YZY
Zhengzhou,Zhengzhou Xinzheng International Airport,CGO
Zhoushan,Zhoushan Putuoshan Airport,HSN
Zhuhai,Zhuhai Jinwan Airport,ZUH
Zonguldak,Zonguldak Airport,ONQ
Zürich,Zurich Airport,ZRH
Åland Islands,Mariehamn Airport (Åland),MHQ
Ålesund,Ålesund Airport,AES
Île de Ré,Île de Ré Airport,LRH
Östersund,Åre Östersund Airport,OSD
Ürümqi,Ürümqi Diwopu International Airport,URC
İzmir,Adnan Menderes Airport,ADB
Łódź,Łódź Władysław Reymont Airport,LCJ
Šiauliai,Šiauliai International Airport,SQQ
Žilina,Žilina Airport,ILZ
