7281,https://lh3.googleusercontent.com/p/AF1QipMaCqEU50I_FsMV2Vu01APwH7AscHaIujaa37T5=s1600-w400
7271,https://lh3.googleusercontent.com/p/AF1QipMKN1b36WvAW79TEJMmi83jUDuMeKZYgd6otQBt=s1600-w400
7279,https://lh3.googleusercontent.com/p/AF1QipP6TLu-Dy-v0YtiVLc3hEXZd_A-eL4FkEHytFEI=s1600-w400
7286,https://lh3.googleusercontent.com/p/AF1QipP1wugWFnPZMPRa94kQUn6j3a98JDRn-_t-irlO=s1600-w400
7265,https://lh3.googleusercontent.com/p/AF1QipO4gMVuxaJMdjhtKjOeNsuX7Tw0qm74nAg9cMuf=s1600-w400
7137,https://lh3.googleusercontent.com/p/AF1QipNxzZ-JEOo1e2xI72HTO662nslYBQOPGZdsdms=s1600-w400
7258,https://lh3.googleusercontent.com/p/AF1QipOLsdqio3IprvVgLa2-T3gb_110K5pXHxvREeRj=s1600-w400
7190,https://lh3.googleusercontent.com/p/AF1QipPIzC0AW_hR1I0y33pd10s6pLTUD4qT0jeSVRzx=s1600-w400
7270,https://lh3.googleusercontent.com/p/AF1QipPapCTRN_pz2ZfCWSsc84ZRW5-IOV_xV4VHMvZX=s1600-w400
7267,https://lh3.googleusercontent.com/p/AF1QipPPT67WeHnWIyyN6Gieed-3DEdieF3iPmUwEbPl=s1600-w400
7217,https://lh3.googleusercontent.com/p/AF1QipMVJTL9Phf69iAfDD-m6dQSMNy2C27PJdszX5k1=s1600-w400
7278,https://lh3.googleusercontent.com/p/AF1QipNpFaMf_ZMu8Wa5cchRdY7LMne3--0U6ZFyx1ha=s1600-w400
7242,https://lh3.googleusercontent.com/p/AF1QipMYI0_LlczAtujZ0LAGIlwv4WbimF6yjd8x1uVj=s1600-w400
7284,https://lh3.googleusercontent.com/p/AF1QipPwASsYwMc14euBNXN33HUHF02rSCJ25KC5oEDp=s1600-w400
7274,https://lh3.googleusercontent.com/p/AF1QipMkJ9usnJeH-b1Dr6WJZVwBkIKMw7YxvUmpYAw_=s1600-w400
7276,https://lh3.googleusercontent.com/p/AF1QipOWVlaYGIVW7CbSgDDN60eWxQA_Xi1vkAta-PWa=s1600-w400
7263,https://lh3.googleusercontent.com/p/AF1QipMlpuAzrHd5cuxkEBTKrFn61vCKLx6rg3JCNe_P=s1600-w400
7266,https://lh3.googleusercontent.com/p/AF1QipODHVyarrxcvY0r5DbowBJKXdEsltb2nG74Llun=s1600-w400
7255,https://lh3.googleusercontent.com/p/AF1QipOEszQlSQ7JvQsItTa_vx4fDA6eblcyEXvqs0R0=s1600-w400
7237,https://lh3.googleusercontent.com/p/AF1QipN42tvbpEAX3x_Y0biA0ioBtedRxlY1BeicMT_a=s1600-w400
7243,https://lh3.googleusercontent.com/p/AF1QipNQx6PnYs-56U_seScBB5BRGFxS6wvWnDXKPRV9=s1600-w400
7277,https://lh3.googleusercontent.com/p/AF1QipM93JFfIW4PE8KfU627I-iLALLwVbvEBEyMa73F=s1600-w400
7248,https://lh3.googleusercontent.com/p/AF1QipMcZhiZmTJPloC6bEsBWT3M-Eg9RdgCEAwJ6Yty=s1600-w400
7285,https://lh3.googleusercontent.com/p/AF1QipNUvQeHjEs7DcwLim2wvj9j0WVVReuUn_14CoBV=s1600-w400
7249,https://lh3.googleusercontent.com/p/AF1QipO50zuU1FMxtqPoZ5SqobFDwI4wwehQ4yyfJZUt=s1600-w400
7136,https://lh3.googleusercontent.com/p/AF1QipN7Wi4KCh0yUYwNbLOviwN_60Td0KCjkoEcL9U6=s1600-w400
7157,https://lh3.googleusercontent.com/p/AF1QipP2gx1fhM8hlJImUvFwdvtb45wGYaxjXMNDVMaj=s1600-w400
7251,https://lh3.googleusercontent.com/p/AF1QipOeBwRINa7Xr11URlb5hANFrANoDo0f8JndteB_=s1600-w400
7228,https://lh3.googleusercontent.com/p/AF1QipN7Tf6L0L9n4eXa2bUgnRNr7nhv9Hx1KH6-VaUh=s1600-w400
7236,https://lh3.googleusercontent.com/p/AF1QipOLUixCf22ArG38BWKiLJkONIosgkNfmiACmUNs=s1600-w400
7289,https://lh3.googleusercontent.com/p/AF1QipNYeta0Q--sD4vpjG1hcU_iBy1tFRQp31h2E4Dc=s1600-w400
7201,https://lh3.googleusercontent.com/p/AF1QipMCoi5e3g70eCFB2lGi3g_Deo38kG7pK3M0ltjT=s1600-w400
7173,https://lh3.googleusercontent.com/p/AF1QipPkjYvW7192Y8FFCL8EwutptCAzVky3A3gclYWv=s1600-w400
7179,https://lh3.googleusercontent.com/p/AF1QipM5rI4r6-rUKx4SX_cos_kZu9ME7F5PfqUJE3AV=s1600-w400
7155,https://lh3.googleusercontent.com/p/AF1QipONGtMo-hO71VkPzrK9VCDPO0InopGJ48AIB_7u=s1600-w400
7253,https://lh3.googleusercontent.com/p/AF1QipMX8vPAp86YA0CYm3KNRJJVSLlvZo_wAnqJAAVB=s1600-w400
7191,https://lh3.googleusercontent.com/p/AF1QipPbyiSZQAWG9x_G1NUQqh2Yafpp0zzdaDtyBMEC=s1600-w400
7282,https://lh3.googleusercontent.com/p/AF1QipMAJTm3T1x2fPY3KNrBstA57m0FoJ1ZcqYCg_Wk=s1600-w400
7262,https://lh3.googleusercontent.com/p/AF1QipPnvJRYuPVmM404do1QZLtA5J2WShMbGJXMP-Hw=s1600-w400
7272,https://lh3.googleusercontent.com/p/AF1QipM7RSMJlknW8QvXbG1rW5s9WZ9KeBes-PPkjKGV=s1600-w400
7257,https://lh3.googleusercontent.com/p/AF1QipMY2PblrieyoxW-CyVSLa8AS6EGuKQOzAHIshdj=s1600-w400
7202,https://lh3.googleusercontent.com/p/AF1QipNab2eTOsKwiCo5CsQGcQsdJjpWTAHKjrCzt0Ss=s1600-w400
7158,https://lh3.googleusercontent.com/p/AF1QipPAhqKWAqQozgoiXAwprJa84htTQUI3v9g1a3Qu=s1600-w400
7122,https://lh3.googleusercontent.com/p/AF1QipOlCeG39TsJJQZCo8_1aGYzEx8cJOgA_tc9thq5=s1600-w400
7268,https://lh3.googleusercontent.com/p/AF1QipNFn5BnK3VrFdr1ArFwfk5pBXv8QusPru5E1o4y=s1600-w400
7105,https://lh3.googleusercontent.com/p/AF1QipOb2duWtgl9VI9VCkWTGVRo7iivbpj7gXQGpc1C=s1600-w400
7288,https://lh3.googleusercontent.com/p/AF1QipMVhCZNrCZFXkBUX3V8UWDx8cA2TkUnWNPyWWr9=s1600-w400
7220,https://lh3.googleusercontent.com/p/AF1QipOhFFJs_xnGNIgpWkBfVd30tQ3ku7XnCz99BO0H=s1600-w400
7177,null
7287,https://lh3.googleusercontent.com/p/AF1QipMsi3uQBpnDssRz1UVxXz9vWyTzNoUogYainj3-=s1600-w400
7225,https://lh3.googleusercontent.com/p/AF1QipO77XNm4Uob_Z-ueWebKPdmAdfwvn9-KNuAIy9Y=s1600-w400
7247,https://lh3.googleusercontent.com/p/AF1QipO80YPe2UWiMGnMDttUwQWd4NcBVm_XyOrgyJEz=s1600-w400
7139,https://lh3.googleusercontent.com/p/AF1QipMTzzPJux6IbTkPuakkpiyxwc6UDpnwxro68jsz=s1600-w400
7165,https://lh3.googleusercontent.com/p/AF1QipMUyA92TjUSEA5UVtDPGngM2Bp0o3sAXAdmrFSj=s1600-w400
6651,https://lh3.googleusercontent.com/p/AF1QipMH2zI-2GtcX3g_GiFWukq9hDn82rquuEVx4rDg=s1600-w400
7192,https://lh3.googleusercontent.com/p/AF1QipOim5yRpDaTzZ-GAGBclrYx6SGIor-paiF4maEP=s1600-w400
5306,https://lh3.googleusercontent.com/p/AF1QipNrRi3WXrfQ_Gb7GSNbEX_E1hRAjBxRIwAboais=s1600-w400
7222,null
7171,https://lh3.googleusercontent.com/p/AF1QipOXMml5vVjqZQfCAJ6Rbcs_t62V4-LTr47SUyrs=s1600-w400
7218,https://lh3.googleusercontent.com/p/AF1QipPZNELlL_VdiVXZ82zRhaga2oIdDeJfirAWPDU1=s1600-w400
7123,https://lh3.googleusercontent.com/p/AF1QipPkanGtr0Kow9JZZxCg1ewUxAXN1SIEce64OwOc=s1600-w400
7118,https://lh3.googleusercontent.com/p/AF1QipNoEIS2mHrpfaXfh5msiitZ2PLjkNDBEX7RnvCC=s1600-w400
7205,https://lh3.googleusercontent.com/p/AF1QipMPevBBKgsfV8jQH0O_XASmY68-qZkDboVT7UAW=s1600-w400
6387,https://lh3.googleusercontent.com/p/AF1QipOrj3cMBvX_5Pl4Uo9c83SnLxTKdEXopN6G1Ty6=s1600-w400
7186,https://lh3.googleusercontent.com/p/AF1QipPwq92W7daMvagAiYUXHx3lh5ff2TnQpQkdcl08=s1600-w400
7181,https://lh3.googleusercontent.com/p/AF1QipOLENBluj1t03I_36olBgx1wTRX2fxCP3e4VQ_p=s1600-w400
7203,https://lh3.googleusercontent.com/p/AF1QipO-0LOO3ESx4OK7wcFd3pBBKgS4kOM6cl-5pzfu=s1600-w400
7132,https://lh3.googleusercontent.com/p/AF1QipN05QbHLlhsMiRtIfbpfKvJgQ9lqAaCNqBTZX5X=s1600-w400
3406,https://lh3.googleusercontent.com/p/AF1QipMxUN7puxRSGyVqql1gKiSLkUh3HTNDWvWJgoXA=s1600-w400
7126,null
7245,https://lh3.googleusercontent.com/p/AF1QipOiG43d_ChP1S_sgo7KrvXijJCnkrB8iovM4ixN=s1600-w400
7241,null
7259,https://lh3.googleusercontent.com/p/AF1QipMTK-Er6ZAEFzwHQQa1JH1hbeYyJ_FZLoIFpwDZ=s1600-w400
7142,https://lh3.googleusercontent.com/p/AF1QipMECzVpf3SJVkbmKgN2E0udG9I7rg1WW_Blfl-n=s1600-w400
7207,https://lh3.googleusercontent.com/p/AF1QipNg-cIC132JE9QhefwDM_eqiNJCRYAqu24rl9Fe=s1600-w400
7211,https://lh3.googleusercontent.com/p/AF1QipMnmM8TvUtLt1Pb-WWs40OP1ykoudR7rSL6JW2v=s1600-w400
7213,https://lh3.googleusercontent.com/p/AF1QipOJ6ksiE0v0wB7Mv2JCAoj5W7wmrm0o_1M7S65z=s1600-w400
7114,https://lh3.googleusercontent.com/p/AF1QipOGtvWnNs2jClTpxFbwgRaILBhpwaxHnMNP_7or=s1600-w400
7199,https://lh3.googleusercontent.com/p/AF1QipNys71z3-VTUJx6R84r-45f_lb8sjXCI_viAVI=s1600-w400
7226,https://lh3.googleusercontent.com/p/AF1QipP89N1uuNuNSP5A_VofaPflF32YTv23ZUl6sgGk=s1600-w400
7210,https://lh3.googleusercontent.com/p/AF1QipPhH3cgYQUGHvBaJnScocZBbF_kzFfO4FpWRmGJ=s1600-w400
7133,https://lh3.googleusercontent.com/p/AF1QipMV3hrq80DgYmPNJGklU1a8xBUJvFKjt-sLbhbS=s1600-w400
4095,https://lh3.googleusercontent.com/p/AF1QipPZDQblP6oW6PKgnMGgMRTY6mWudW5Ix6MzVfXB=s1600-w400
7254,https://lh3.googleusercontent.com/p/AF1QipPbDiRI1eUwxwGrjz205xkv3Wk-OCSmVFGSPPLf=s1600-w400
7140,https://lh3.googleusercontent.com/p/AF1QipOJQp3ByVBuxePiRrsGre7DDLF-j99fgSnI56ek=s1600-w400
7121,https://lh3.googleusercontent.com/p/AF1QipNjWMEX8Al2rnhvLQwWigsmSaFMKEqhA8ngX00s=s1600-w400
7144,https://lh3.googleusercontent.com/p/AF1QipN6PjEPPULUSy4zwIcCCgtvi5bq5m7ozW4CW_gK=s1600-w400
7283,https://lh3.googleusercontent.com/p/AF1QipPDVeTWtMAHoKU-mgMnWqPWDCco83bAHMwaa1uT=s1600-w400
7275,https://lh3.googleusercontent.com/p/AF1QipN7w0MIY98xt2Ul6BDPu0_xfqEH9po9BG7ucAjC=s1600-w400
7184,https://lh3.googleusercontent.com/p/AF1QipOldZuyc1P0B6sYeHAZ-l2ifC9BUZW9nBSi0MZ0=s1600-w400
7269,https://lh3.googleusercontent.com/p/AF1QipOCq2oSZhC2pI3841KjfJkJAPRTrc1u0g9AAcih=s1600-w400
6168,https://lh3.googleusercontent.com/p/AF1QipNXGU6XVAgsHVrytlunGH_Z9wtsNxrYAbjnz0Dh=s1600-w400
7172,https://lh3.googleusercontent.com/p/AF1QipMmeeWZcbADP6JgQrWtAWY2ZFTgpWZNhr-cvSq8=s1600-w400
7198,https://lh3.googleusercontent.com/p/AF1QipMhhNFORhPQDJbTbVFS-otmYsDDhfPtm5tnjWFR=s1600-w400
7145,https://lh3.googleusercontent.com/p/AF1QipPL3Fq2SBOTGIScDC6lSm8aWf0tJWJw5iVCdlpA=s1600-w400
7233,https://lh3.googleusercontent.com/p/AF1QipP86jV40Gf8lszGtO9L-iCbVPv-6wrRP-OAuVtD=s1600-w400
3032,https://lh3.googleusercontent.com/p/AF1QipMa8MtddRmXdzOXTYxFgAsYeOJSybTTFeyz8hUh=s1600-w400
7239,https://lh3.googleusercontent.com/p/AF1QipP9ONsL7Nq5eh7qRL4xWW06EQdrqKdFj2a-VW52=s1600-w400
7138,https://lh3.googleusercontent.com/p/AF1QipN1GcKOZLZuhedAaC9o96xK9h9u26J4yHPzAJLB=s1600-w400
6547,https://lh3.googleusercontent.com/p/AF1QipPHRUmdUL5DCP27I_BA6qLQm6x2eXsUjutXZDtJ=s1600-w400
5208,https://lh3.googleusercontent.com/p/AF1QipPokCrawwM6-OrEknKyqkNTHzwk6slKEVvbbvCA=s1600-w400
7219,https://lh3.googleusercontent.com/p/AF1QipNUH1JXr20OnmtQRcH9daRPenokKOFNCkUpWzjc=s1600-w400
7162,https://lh3.googleusercontent.com/p/AF1QipN93_d5X1IqZPaFyHAx7S6brhsdtDxL3jym0Jt0=s1600-w400
7208,https://lh3.googleusercontent.com/p/AF1QipNGGugUydporvXCgurGkPGt4c5S8nIqcfU2K7Oe=s1600-w400
7160,https://lh3.googleusercontent.com/p/AF1QipPLMH6l6jfkL5aZGtvMuG2gsk3E5RfDRKbepxaD=s1600-w400
6527,https://lh3.googleusercontent.com/p/AF1QipNR8AbRxOXa87XgAePdFRXo6n2f_QfA0DH7h6uj=s1600-w400
6631,https://lh3.googleusercontent.com/p/AF1QipNr_BCuWDM0bmz9lzexnKK6vYlSX0KU5B4cU-MN=s1600-w400
7215,https://lh3.googleusercontent.com/p/AF1QipMGSOnkCOwZI6WD8d6xbwNddbvwLMHcSgnuJ817=s1600-w400
4993,https://lh3.googleusercontent.com/p/AF1QipO0w7NnYSl3o8g6NxJTZzChrAxieOBWMQffmrY2=s1600-w400
6176,https://lh3.googleusercontent.com/p/AF1QipM8tOCunz_Wees0cGMc6N_yMz9f0Knnsl8fD9VP=s1600-w400
7238,https://lh3.googleusercontent.com/p/AF1QipPEqB_uq6JSwYw0HZQG_3VxfS9Jau4VLk60tRgK=s1600-w400
7116,https://lh3.googleusercontent.com/p/AF1QipM5gnEud5l6x2sBc3E3fZZ7Jt7JFZytHc0nnHXo=s1600-w400
7119,https://lh3.googleusercontent.com/p/AF1QipNsboeJWRjxSXrm2lXfuBFIwM4EHSxLnPrqbUA6=s1600-w400
7129,https://lh3.googleusercontent.com/p/AF1QipNW8eDAVxEigys_86pj3tAp8BiBRTh1dAEoVXM2=s1600-w400
7227,https://lh3.googleusercontent.com/p/AF1QipPw-Ln46i_jJYGE4oJO7C4xnA0PKLNh_VYDMtXr=s1600-w400
5054,https://lh3.googleusercontent.com/p/AF1QipMRaln34TA3st0Hq8tocKGxs1qjA8CdIsgaBWka=s1600-w400
6286,https://lh3.googleusercontent.com/p/AF1QipNSnE4-UYvQnY-98UnGJ7brrcOz1QndEEYLzcsH=s1600-w400
7264,https://lh3.googleusercontent.com/p/AF1QipMXzYh5VhhnIG2KEnSSAwRVAY8dtHSaYQVCzaFz=s1600-w400
7182,https://lh3.googleusercontent.com/p/AF1QipP8_xzhOvVivP9xtaW5dRY837ItS4sWOMEFUBec=s1600-w400
7110,https://lh3.googleusercontent.com/p/AF1QipNwRYxoBcECoHMNsmL_GWqGikLBAYr93XyYPZhG=s1600-w400
3412,https://lh3.googleusercontent.com/p/AF1QipPgAVyqW_ULnOAep-qQyUq0kK2B7wMpE-V_sSEQ=s1600-w400
7178,https://lh3.googleusercontent.com/p/AF1QipNmRcFp13iMIS_KX1MH5QPmzw5kf2xxmZMS1yDQ=s1600-w400
7244,https://lh3.googleusercontent.com/p/AF1QipPhWXxG7R9rs8v6L-CHPHmhJoKb0dCtWldgk29e=s1600-w400
7154,https://lh3.googleusercontent.com/p/AF1QipPzzwl_2eXIy-ehUlEMoJxxlnVrtJlN9KVpKApJ=s1600-w400
7229,https://lh3.googleusercontent.com/p/AF1QipOJF4bcm_rD8vGixgY9_1VoBx71AAET1bp2_K-w=s1600-w400
7193,https://lh3.googleusercontent.com/p/AF1QipOBaGdttLX7rpSOuq6304oI8WfVzcWjJ5JIFtGJ=s1600-w400
7174,https://lh3.googleusercontent.com/p/AF1QipNyiKCHdCsZQLYOeuyT9TSq5f5VTv4JGsiNwOg4=s1600-w400
7176,https://lh3.googleusercontent.com/p/AF1QipNWYexYzowKrrp1aSIpgzkvEgu858lEeNqQl4ce=s1600-w400
7197,https://lh3.googleusercontent.com/p/AF1QipOtLCU39bhtBIS8yDaMFIbtO97n-9blrj6FDxtR=s1600-w400
7209,https://lh3.googleusercontent.com/p/AF1QipNI6MNKi2V2ZU7fWCrjmBBcubKOiwG2nt86zDZL=s1600-w400
6322,https://lh3.googleusercontent.com/p/AF1QipMtzWPnubYLP55yyUZqv2KzSGRII1JRSrkrQPDV=s1600-w400
7152,https://lh3.googleusercontent.com/p/AF1QipPueE4vpQbhIdj5uIeXlnYGhQGPTh1-uRa5e_cs=s1600-w400
6528,https://lh3.googleusercontent.com/p/AF1QipM1omD1fUvmVoOBqrBY-fVzEK71_jXiFjjUaZ1M=s1600-w400
7161,https://lh3.googleusercontent.com/p/AF1QipP3N9VDCPTZYxZ0hTtbRqKGsNkudUlfHD4qDIyc=s1600-w400
6431,https://lh3.googleusercontent.com/p/AF1QipMms5C87BclUrkIrEz3DE_8jfROW7KZx_SK8EOI=s1600-w400
7163,https://lh3.googleusercontent.com/p/AF1QipNcQ7LrHGCbVoCm6adNtoa8NFgXDXUXYD3HMeYt=s1600-w400
6524,null
7187,https://lh3.googleusercontent.com/p/AF1QipPEqgUgXeYf-SI-zaUOIhXshkMukWQeMCSD1d9B=s1600-w400
7230,https://lh3.googleusercontent.com/p/AF1QipMM1uIfGeBDmp5Pg-g3b3AcN2wk1k60efKnBNb9=s1600-w400
3661,https://lh3.googleusercontent.com/p/AF1QipPituRl-kBYbFoVAbETqmZ-0-IGsWU4fkrSrilZ=s1600-w400
6179,https://lh3.googleusercontent.com/p/AF1QipMobK24nbldS1H1i1cMT8uSwtmwhBCpm2GSJJ3G=s1600-w400
7128,https://lh3.googleusercontent.com/p/AF1QipOSwALt_O8gPC-iFf8v4aoz_6pWyLF7R5sVvepU=s1600-w400
7104,https://lh3.googleusercontent.com/p/AF1QipNp5FDGiNimQ4OK4g2Ky3YrEMCycTavbsAx4fgD=s1600-w400
6188,https://lh3.googleusercontent.com/p/AF1QipM8X-1LCqgmUNJDV75cMxEuEbW_SFNHZBtC0cfl=s1600-w400
7261,https://lh3.googleusercontent.com/p/AF1QipOOMmHg-WVaIhIswdTlPuqG9F5MuLiBgup5u4s0=s1600-w400
7150,https://lh3.googleusercontent.com/p/AF1QipNPW0dhFXJQHYwPgssrBMbcFVRlgz9wuRl-wshp=s1600-w400
7180,https://lh3.googleusercontent.com/p/AF1QipPFqaCqK4XrwwcK7jNmLETzlLx7uXNyeDBrUxyL=s1600-w400
6533,https://lh3.googleusercontent.com/p/AF1QipMqfYaE_OYhdnakSQf7ZzHVTzYxIkP09GWn-4dm=s1600-w400
7223,https://lh3.googleusercontent.com/p/AF1QipM3mxME-mrOsel4jScSAkxJnwDyEHoC5YdwF6j3=s1600-w400
7164,null
7232,https://lh3.googleusercontent.com/p/AF1QipNi5AvZUiMmiOVWL0Q-tqerg3dpe-bkppR0IraQ=s1600-w400
7260,https://lh3.googleusercontent.com/p/AF1QipPqJ_mOH9WRRwnHBH1-y13kLKA8peT9w43BVf07=s1600-w400
7159,https://lh3.googleusercontent.com/p/AF1QipO4_7QmYNRhN1xX_n8O6urTa5lXS2JXHzDusDCG=s1600-w400
7189,https://lh3.googleusercontent.com/p/AF1QipNWN-cd8tVOiIHYUPCCzA3DFVLPAaO-ncFpxC_P=s1600-w400
7064,https://lh3.googleusercontent.com/p/AF1QipNVEQqkzfY5wDgcyf9jr81PZ-_0tbMiQ86zpsrL=s1600-w400
7252,https://lh3.googleusercontent.com/p/AF1QipPXlKlBYXPexDNpFLwL2cGBjNvtx6LbuurdcSHT=s1600-w400
7175,https://lh3.googleusercontent.com/p/AF1QipMVG7iZVDCZyKk6UhITntREp4W09UiADf68H_qI=s1600-w400
6474,https://lh3.googleusercontent.com/p/AF1QipMjSNLqIDTgTJnF1Y5wi-lxJPK68J3NGbr5ORk0=s1600-w400
3439,https://lh3.googleusercontent.com/p/AF1QipMXrNXne1whNg9ey8JwGv21qG7Sjn5SVMi0SRmq=s1600-w400
7111,https://lh3.googleusercontent.com/p/AF1QipO6H0ScaIWsRqk9atFGWASdHZZgXMobxd_l1IAc=s1600-w400
7146,https://lh3.googleusercontent.com/p/AF1QipN92JvuUovB_w6l7mz5gY1jS5E23Gy9K1Jrs7HZ=s1600-w400
6637,https://lh3.googleusercontent.com/p/AF1QipP9rV1ouu_G5Rdo8gRP7SeLdrHojmzrNg6E2mHI=s1600-w400
7224,https://lh3.googleusercontent.com/p/AF1QipMRHBQ6SL17_fLXwB2Hc67z2nlNwFnoHJmo0hvI=s1600-w400
7125,null
6701,https://lh3.googleusercontent.com/p/AF1QipPVbFNu0CE6BuLutflf0bN9Gnyvp-ygXFBiA948=s1600-w400
7156,https://lh3.googleusercontent.com/p/AF1QipMfK18VczyCCNceGJ8IG2TI8mpd7nuYUYSNfcDW=s1600-w400
7200,https://lh3.googleusercontent.com/p/AF1QipNAnPxCvorMvcNM0rBETbqEQTUpztJiUjHrLxrG=s1600-w400
7106,null
4999,https://lh3.googleusercontent.com/p/AF1QipMzFYDxXc91ickWSNYkUL2pRbFhcNLBK0qwr9fA=s1600-w400
7070,https://lh3.googleusercontent.com/p/AF1QipPIzMtVjoqzOi3MZTjUMRHGr4wOdjy-mrZshfG0=s1600-w400
7127,https://lh3.googleusercontent.com/p/AF1QipMqTpDq3kkUC2l3eltu8lnN5UXMvrdMl2lppBE-=s1600-w400
6770,https://lh3.googleusercontent.com/p/AF1QipNeS3Xy71B7aCEJcTGnACyFc3o4utAq2nT-1bvA=s1600-w400
7246,https://lh3.googleusercontent.com/p/AF1QipNN_ZTdkIekgPHGafhH1Er4AdHscalhxMd45ef_=s1600-w400
7109,https://lh3.googleusercontent.com/p/AF1QipMiN6khSkJ_auRUPjcZ0bhiSD4ohlbTk30Ae3Ic=s1600-w400
4994,https://lh3.googleusercontent.com/p/AF1QipMRKLDJ2X1xF9dTPWnSP5Q009NhUS5sgCNxFisi=s1600-w400
5002,https://lh3.googleusercontent.com/p/AF1QipOLFEPblvUy_iLejnfH3u6BWGVSOvKqOceanf6K=s1600-w400
7141,https://lh3.googleusercontent.com/p/AF1QipOkxUkPQg7pAbJHMbazVapXZmWBHJ-JhmsR40id=s1600-w400
7206,https://lh3.googleusercontent.com/p/AF1QipOFG7bXnJljtIV4adOx1oBYMR4EY5dSGlrqlpw=s1600-w400
7166,https://lh3.googleusercontent.com/p/AF1QipO2FX5-U7vNGAC9BMns8zX85SnEJWpAWg67beC5=s1600-w400
6991,https://lh3.googleusercontent.com/p/AF1QipNPfT9zvmIUhBZeUDGud2k3G6tMgF37Ej9HeLwk=s1600-w400
5209,https://lh3.googleusercontent.com/p/AF1QipMOIjncIuSWmUbD8awWYbH8rLQRbx-JrRyfAXXR=s1600-w400
3702,null
7115,https://lh3.googleusercontent.com/p/AF1QipNJguvu_mVPe77SXmGfowTd2REqdx2BVMtq3bE0=s1600-w400
7167,https://lh3.googleusercontent.com/p/AF1QipPzAJ_F-cRGD3C77tvm56ZDXhbEbLGXNtmXZi74=s1600-w400
7195,https://lh3.googleusercontent.com/p/AF1QipP8SUeL82ND-GPJBI-qeLW2-8xq4Vt6f6n5fAv0=s1600-w400
5252,https://lh3.googleusercontent.com/p/AF1QipOMuKOU_uQKWK1inUjxNx1P2kxe4hTXHxjCPCrg=s1600-w400
6473,https://lh3.googleusercontent.com/p/AF1QipNH9Ziyvwqufmj9JxNjQk5fgKmn63mxDR2Qm-LA=s1600-w400
7143,https://lh3.googleusercontent.com/p/AF1QipMYoK6i7qG72h-DQJ7Zz9WzC8T1aysMFlQUIOSi=s1600-w400
7076,https://lh3.googleusercontent.com/p/AF1QipOqeEt5w08lupbwVp0SDn4uJXAPDCSHZZ8WANuw=s1600-w400
7273,https://lh3.googleusercontent.com/p/AF1QipP8rRVtiPUbhx5FIFjyc_KKRv0K63RI9xvFza8T=s1600-w400
6864,https://lh3.googleusercontent.com/p/AF1QipMDOYtUCb2wcxL4jTrxhonoUzCHoGeZ7TrEH9qM=s1600-w400
5182,null
7124,https://lh3.googleusercontent.com/p/AF1QipM9SEJFJYKLNYeMYpkOpHI7-IvhYc2rrzV-hU56=s1600-w400
7131,https://lh3.googleusercontent.com/p/AF1QipMDwSSg6YzLZU807na0_O7mcxALIscY3JtFXmWF=s1600-w400
7003,https://lh3.googleusercontent.com/p/AF1QipP-Kfxw3mgSvlSxPXeW6bkNydGY3e6SFL5YRrn_=s1600-w400
6186,https://lh3.googleusercontent.com/p/AF1QipNp27V-EbXHeuWCybbyi6H9Xq3RAwJk-D-zFZKr=s1600-w400
6552,https://lh3.googleusercontent.com/p/AF1QipNJuefi-gFOCUzQSVuMJ5znjYs-MPDCFBVK5HUs=s1600-w400
7012,https://lh3.googleusercontent.com/p/AF1QipNe_JprqqxG2lCI-4wn30blqyB2xHIEfYW04y4X=s1600-w400
6284,https://lh3.googleusercontent.com/p/AF1QipNZyIXkkcG2pd6tPiMXVRmxi1B-6M8rKsi2tOGs=s1600-w400
6551,https://lh3.googleusercontent.com/p/AF1QipM5Il6DPn4s0et6Mee7_nPqjZ6uxc0ehSSlItkZ=s1600-w400
5270,https://lh3.googleusercontent.com/p/AF1QipOM0C-YBGrqDUPQjisZPBuvzKcQMbFSVi-J-SFO=s1600-w400
6283,https://lh3.googleusercontent.com/p/AF1QipN6v8Bep2AwzIM9oXZxmm-0hYk1164NVUQuAZtB=s1600-w400
7149,https://lh3.googleusercontent.com/p/AF1QipOAimBBdxRDezM-gHHzSHz3R0ZGhMcrUiLo6-59=s1600-w400
6827,https://lh3.googleusercontent.com/p/AF1QipNsdhOr94QHqc3621G1pSlaR9lWsNoo2DJFdLmd=s1600-w400
1853,https://lh3.googleusercontent.com/p/AF1QipOZeX3uss-_ody45wBEVcpGNSPeHM6nFeQlme2k=s1600-w400
6461,https://lh3.googleusercontent.com/p/AF1QipMTynfgg27KrnFnSh0Tefhv4MKLt1FAK55DR0MB=s1600-w400
6531,https://lh3.googleusercontent.com/p/AF1QipPX24vhXh3GeN5mcTBXsTztyPc6a7yn6YkNuxu3=s1600-w400
5222,https://lh3.googleusercontent.com/p/AF1QipM0PV8-qi342aZGn51H7cZ6T8F8zQx8I5gpqbRR=s1600-w400
6626,https://lh3.googleusercontent.com/p/AF1QipNJtCXiTVHwih-R9XiXdI5pMd-CEQ5VQEYJlZdK=s1600-w400
7214,https://lh3.googleusercontent.com/p/AF1QipPA6XYcqrsv6b6P0Bi8r00Ts_qMtyQzF3CFDfTk=s1600-w400
6938,https://lh3.googleusercontent.com/p/AF1QipMQiWG3QYmxLiBkuT7MoIeXr_0K1t2Nw2Wb7MMS=s1600-w400
7183,https://lh3.googleusercontent.com/p/AF1QipNMHcKr80BnzdfaK363CYXjgsKO40pkiZgpdGis=s1600-w400
6204,https://lh3.googleusercontent.com/p/AF1QipNTMqQCO3ObdeMUIJ_kubNXgwWMfzJhMCthg7wo=s1600-w400
1362,https://lh3.googleusercontent.com/p/AF1QipNzCPrW_wa5QVONUPzYiohCSd8BzCy5vb6GQxRf=s1600-w400
6997,https://lh3.googleusercontent.com/p/AF1QipNXH-oX3gN7iE4eDsFN0K1GUYYb2xt6LuuNftsr=s1600-w400
6804,https://lh3.googleusercontent.com/p/AF1QipOd3-4EmuYjwTlEuD6s5vwrJCbv15HlG9TaLvke=s1600-w400
6791,https://lh3.googleusercontent.com/p/AF1QipPfJZtaZjs6IQ9MGibdjmVfMqnGrenVWLM-0Wct=s1600-w400
6820,https://lh3.googleusercontent.com/p/AF1QipPKIMp0q-JXAHt-EP1FLVktNmZXTcO-cIlhNoZV=s1600-w400
5260,https://lh3.googleusercontent.com/p/AF1QipMjFm3aRSMhPxDqQnHF1ykDiXMELqysLD50_1aQ=s1600-w400
6942,https://lh3.googleusercontent.com/p/AF1QipMFFaOXhN7cCIwbWrm4u7_GxPtUMjwXP_hO0dVu=s1600-w400
6178,https://lh3.googleusercontent.com/p/AF1QipNHRpN0n1_xAG1BJzj3EtH2R8g2EmlbZD-jZOSL=s1600-w400
6936,https://lh3.googleusercontent.com/p/AF1QipO5yjbk6UYOvgsdNImk9zEGOVchxtqtk-XlHdMh=s1600-w400
5243,https://lh3.googleusercontent.com/p/AF1QipMd-veO_5_wuVf-Di_WogyjpHaT8BC_19NHVf2M=s1600-w400
6801,https://lh3.googleusercontent.com/p/AF1QipP04flbXkTk21yS_0cge4ovjQ0iAjydSHvwijr8=s1600-w400
5305,https://lh3.googleusercontent.com/p/AF1QipOWKqTd-7iiMZBGJF2tcyWFezFvVNxolbAH2TCh=s1600-w400
3279,https://lh3.googleusercontent.com/p/AF1QipOkXq3SYXppx3rH2j8u0nMHupBsvXP2EDdKDCED=s1600-w400
6496,https://lh3.googleusercontent.com/p/AF1QipOp05jChsurl0TtHgpcvBn8YBpG3mNNfFvu-pEy=s1600-w400
6199,https://lh3.googleusercontent.com/p/AF1QipM4F74E6oLOrZHoqpaSA3E9n-A_KCBCxhoXvlOt=s1600-w400
6185,https://lh3.googleusercontent.com/p/AF1QipMjSNLqIDTgTJnF1Y5wi-lxJPK68J3NGbr5ORk0=s1600-w400
6525,null
7008,https://lh3.googleusercontent.com/p/AF1QipMFDr0qFrgZtK7qebY7dZuc-lVdAdkDCAYDpa1K=s1600-w400
7107,https://lh3.googleusercontent.com/p/AF1QipOpHlCLtoFQgLmkEvVaVFDoSzwPintnHNCAdgQx=s1600-w400
7153,https://lh3.googleusercontent.com/p/AF1QipOwkbW7019YaN7a3KS8vrhegsl6fZTsraPA6Tqr=s1600-w400
6853,https://lh3.googleusercontent.com/p/AF1QipPNIoCtMqcQ4gyAb_tDOOwuVpJkhuwP6P1MsjZY=s1600-w400
6493,https://lh3.googleusercontent.com/p/AF1QipPDVeTWtMAHoKU-mgMnWqPWDCco83bAHMwaa1uT=s1600-w400
5902,https://lh3.googleusercontent.com/p/AF1QipOof8VQ7pWxMvpOWwQGU6ILjb6L1wgqT6r3CZ7S=s1600-w400
6932,https://lh3.googleusercontent.com/p/AF1QipNW9kNEeUslA6G16gpJ8zrhntkuyoI-YTaax33U=s1600-w400
7066,https://lh3.googleusercontent.com/p/AF1QipM2jfZaTBRoaj_F_8MdFQzG0wbnVIljdrMhSxqx=s1600-w400
6899,https://lh3.googleusercontent.com/p/AF1QipMCV_OXCh-mslkdb4L-RJbTUCQLi3-wu6QDvSHT=s1600-w268
5228,https://lh3.googleusercontent.com/p/AF1QipMDRw4yUrwHUZdgB3arQw2GJL7eLmb1iFq87L58=s1600-w400
7256,https://lh3.googleusercontent.com/p/AF1QipMLWzg29oNtljhmribOs6kIjXKQmFGfmta84Gbo=s1600-w400
6385,https://lh3.googleusercontent.com/p/AF1QipN3WhIsSYkk6N6Pn--q56Qi67UHzKplDulEBaxL=s1600-w400
6175,https://lh3.googleusercontent.com/p/AF1QipN63uUrAt7QCK9U7emiTYRujapAv5i0SHZuOPG-=s1600-w400
7151,https://lh3.googleusercontent.com/p/AF1QipPsv7wYMILrlbHGwZGL8CRni2hwMeaujq9MRDO9=s1600-w400
6722,https://lh3.googleusercontent.com/p/AF1QipNy9V4LMpS6K6nIGaso9jzZgGBwM9OUC3iv2qK8=s1600-w400
7090,https://lh3.googleusercontent.com/p/AF1QipOqtq_Snp6DFNRzXpQP_F4PSyE0Ch223814Ck6i=s1600-w400
5178,https://lh3.googleusercontent.com/p/AF1QipPuAA5YA371V3JXv2yXaz6WQPK0b__n_Q1cUlkZ=s1600-w400
5267,https://lh3.googleusercontent.com/p/AF1QipNKfmudNVx5XmO84D4Nq7_JeUebWidyvx6CTvn7=s1600-w400
6254,https://lh3.googleusercontent.com/p/AF1QipNbY5BnSsvVIIRcCi3DO6T349DnyQK055UsvVjA=s1600-w400
6187,https://lh3.googleusercontent.com/p/AF1QipPw_PP0BwS1JQKMH6wkXswHM6HDC4m3I8c-q0q2=s1600-w400
6386,https://lh3.googleusercontent.com/p/AF1QipPzEDUADvXGmQ7YvJTPh-z1hsAdokR3HuYdduEz=s1600-w400
6287,null
5881,null
4046,https://lh3.googleusercontent.com/p/AF1QipOKKaw5qjW8pURMX-KnZ_AJ_HMkDCxduXqeyVg=s1600-w400
6854,https://lh3.googleusercontent.com/p/AF1QipPbyiSZQAWG9x_G1NUQqh2Yafpp0zzdaDtyBMEC=s1600-w400
6526,https://lh3.googleusercontent.com/p/AF1QipOqKYnp3HdyrABAU8oqe1M03AX2fhRAPL2erQiH=s1600-w400
6183,https://lh3.googleusercontent.com/p/AF1QipMJS_AnLpMQAZRdbklYhTNlIxFnC3N8KbTu8Rdi=s1600-w400
5258,https://lh3.googleusercontent.com/p/AF1QipN9HmfSIk1Y7_rGQs4qAKOp2BL6mEzKMQsD6o91=s1600-w400
2678,https://lh3.googleusercontent.com/p/AF1QipOawENlVGvsOGEKXsaCxrC80HSq8jZ6ONJ1venv=s1600-w400
5185,null
6985,https://lh3.googleusercontent.com/p/AF1QipN3Rp8IxdB74JO8494UV3ii2fVnrmqrU-BpK0Cy=s1600-w400
6565,https://lh3.googleusercontent.com/p/AF1QipMkndVEkIAsv81HkSsC8bu5rK1uiW5nFu_nKazg=s1600-w400
7085,https://lh3.googleusercontent.com/p/AF1QipNHLgb4iuCedeXhkOVY_XQ3LDn6XBP_Ea874wJR=s1600-w400
6829,https://lh3.googleusercontent.com/p/AF1QipO4yq9j7udb8SAURY_oLhY6O556QxeGaL5CEKKW=s1600-w400
6193,https://lh3.googleusercontent.com/p/AF1QipO0tLxP3KFqIjXl9KR0fuwNCE3GAvjg5Dl0UYrF=s1600-w400
7216,https://lh3.googleusercontent.com/p/AF1QipMvBMYNPcOuafmrdWSXxJhjcUefP0QjWfA2ZtC1=s1600-w400
7056,https://lh3.googleusercontent.com/p/AF1QipNT5t9_fLm6n14Zqyigy7DodH1M073JYII_kiSI=s1600-w400
1339,null
6182,https://lh3.googleusercontent.com/p/AF1QipP4dg-5CriafN65gK7m1f7WQgtqJY7Zz0A9RUKi=s1600-w400
6789,https://lh3.googleusercontent.com/p/AF1QipNyfx-RfsnEnLfWH7QbUC0YvrTiQ3St4iuDdPR8=s1600-w400
7134,https://lh3.googleusercontent.com/p/AF1QipMMt0gF4UB7H3Us9MZ5relHuTreV1m0pvEvrupA=s1600-w400
5138,https://lh3.googleusercontent.com/p/AF1QipMXvu_PmIRWVLtkx8xcl0Ml87F0zYXs8aXD6f2t=s1600-w400
6937,https://lh3.googleusercontent.com/p/AF1QipM_Ug-I_CORa10Ds0pInxWMik_t09DChSqAXpoC=s1600-w400
6269,https://lh3.googleusercontent.com/p/AF1QipPF_Up3n354pnebVlal7hIFji-FsryqoM5X7sXI=s1600-w400
6859,https://lh3.googleusercontent.com/p/AF1QipN-To-m6jEq2S10V2KYADUkSYHVB7O9faB6Ua3N=s1600-w400
3605,https://lh3.googleusercontent.com/p/AF1QipMHRBDsqz6OPw0wSwDqYyYc-PDoGtf8PRLE9HLf=s1600-w400
7061,https://lh3.googleusercontent.com/p/AF1QipORmBKlzoNmGE5L7Un9txF9tEuIDCVHo1qjux9I=s1600-w400
7001,https://lh3.googleusercontent.com/p/AF1QipMytcndU9wrw_Xz1EXVJhAR8U8yzTVmm43KLvEe=s1600-w400
7005,https://lh3.googleusercontent.com/p/AF1QipPo0bu1pRcxYHoAwdfnJWrhqKeryF99o2Qof64Q=s1600-w400
6532,https://lh3.googleusercontent.com/p/AF1QipOS1G8deioJAkEP4x3p_uBEjM_tEqlHxTCAUSbv=s1600-w400
7117,https://lh3.googleusercontent.com/p/AF1QipPJ-AFcf23QNEOm2001kz0fOnNqXLj2SmDzJJpr=s1600-w400
6169,https://lh3.googleusercontent.com/p/AF1QipPzYcCH7dzQNwk_eYAhC839mWhUyXlH9O1XLbaK=s1600-w400
6869,https://lh3.googleusercontent.com/p/AF1QipPgbl90MH-J8xxW0g0tuP5aim8zBG47ZsBrC7QU=s1600-w400
6174,https://lh3.googleusercontent.com/p/AF1QipMPjsOFAdfgB3S_et4UBki6EuOSpFwGFBJj0B0A=s1600-w400
6201,https://lh3.googleusercontent.com/p/AF1QipM2DH66SIO1Lf3X2GH3JmvFnj9DZFL13PzQQWJK=s1600-w400
6888,https://lh3.googleusercontent.com/p/AF1QipPQ8NhZDwQtj88xM4n1IQ0Nu9fr8A_ywGoHzzXN=s1600-w400
6625,https://lh3.googleusercontent.com/p/AF1QipPrKzux85RKnfOWW-v7VFzap9Vb9B5Mdenw4mz7=s1600-w400
6427,https://lh3.googleusercontent.com/p/AF1QipMhoXGV83cOfG0R4bKHUGwl-UmRlsmy-3nOglTs=s1600-w400
6819,https://lh3.googleusercontent.com/p/AF1QipPW8O0YOVtZH3cHMdlcYSN0PlH8N8aJ1pwccYa1=s1600-w400
6972,https://lh3.googleusercontent.com/p/AF1QipNYXg2hXBz2tRMLsN36YONX541UgQ09GkLK1x51=s1600-w400
6276,https://lh3.googleusercontent.com/p/AF1QipOykK8tyTaas2-v_F5JSz78xvFKL2ulGGeVPgso=s1600-w400
6778,https://lh3.googleusercontent.com/p/AF1QipMbZcElGD8g9CtBUotzYrgFpAoJ0pQPvVLcXrEF=s1600-w400
6877,https://lh3.googleusercontent.com/p/AF1QipPEVXoYXpf-9N0EO0MQssUBm-Yj4ojtnSHIssPS=s1600-w400
6198,https://lh3.googleusercontent.com/p/AF1QipOAMKCcx3TaK63oXunBm2X2Dfz7VdQ99ejQAozc=s1600-w400
7168,https://lh3.googleusercontent.com/p/AF1QipPLM4k5O0gm3zxU3PaS1Zvz6tzeCie2OAXb8oj8=s1600-w400
6940,https://lh3.googleusercontent.com/p/AF1QipN8iwgmbCZQSyzFtR4C5w_FCiB_bCtTbZXUvbKp=s1600-w400
6963,https://lh3.googleusercontent.com/p/AF1QipN6a3WF84eqB8k4bS91nBqjaXKUOH-zbG9oCEa5=s1600-w400
6855,https://lh3.googleusercontent.com/p/AF1QipM0nZDSLWEa-_9PxaIbid154_dumOvl86PFA3Dh=s1600-w400
7112,https://lh3.googleusercontent.com/p/AF1QipMcZ0gO3e0phvA2rMyd8i77m3VvL8XkcGphSFa9=s1600-w400
7007,https://lh3.googleusercontent.com/p/AF1QipPPjFVOa3MEwgRtwulvc4Sqtxsojdo23yrDtQWl=s1600-w400
7235,https://lh3.googleusercontent.com/p/AF1QipPJom_3rQzGS6AEXClnXSSswTK9D8KBAf1HNmit=s1600-w400
5176,https://lh3.googleusercontent.com/p/AF1QipM6Nq9hH4YwteKSZG6aQcO8bwsZFe2wrVX_ZzAq=s1600-w400
7000,https://lh3.googleusercontent.com/p/AF1QipMC1con0ewUpTDttLGp4cnqDkNCIvquEjjYuvM1=s1600-w400
7231,https://lh3.googleusercontent.com/p/AF1QipPNE77ao4pbozq7AsM29WkfMJea4cylwfdQ2qlD=s1600-w400
6539,https://lh3.googleusercontent.com/p/AF1QipNBvjx2buCLUYGu0j63-w788UAgBUsrWyCk5pLr=s1600-w400
4876,https://lh3.googleusercontent.com/p/AF1QipO3ERIeMtnM4Wx_nljGIf0d6l-rAb9L2iSfO0uj=s1600-w400
6874,https://lh3.googleusercontent.com/p/AF1QipOL1g_z5H7QaU0EqXqENvfQYfVAZMVisYgrIfl3=s1600-w400
6290,https://lh3.googleusercontent.com/p/AF1QipO7sEvqa3pEocJdy_qkIHtqBPOndSch3dvp0JX-=s1600-w400
6998,https://lh3.googleusercontent.com/p/AF1QipOT3kraTvv9A8zJZX6tT9k54nXD624gm_eFwOjG=s1600-w400
6931,https://lh3.googleusercontent.com/p/AF1QipPTGIGdwYTm6x5B-dZkbPc6JpKqC2F3_6oJA5BY=s1600-w400
7185,https://lh3.googleusercontent.com/p/AF1QipMlmmuCNExkA8DJK1JjDNy8OdEgi_pfLe4NbmkQ=s1600-w400
6604,https://lh3.googleusercontent.com/p/AF1QipPOgamsfEjoMRDmu47iBe_G44exdR2vL_aOZdKl=s1600-w400
3429,https://lh3.googleusercontent.com/p/AF1QipNv55vVnQdGybYK7Bdjq_WhfwO_xppmzBrjIwDo=s1600-w400
5274,https://lh3.googleusercontent.com/p/AF1QipPFoMQBD8B2tyqX7vwugaftS_3O6e2rvFJIMcad=s1600-w400
6882,https://lh3.googleusercontent.com/p/AF1QipM3wPVeiFc4LWK0EMhmdDxeppb7aEQr3U4sk8Nc=s1600-w400
7194,https://lh3.googleusercontent.com/p/AF1QipN1zYexnCgFdsg34JK_PtSRi-HDmXbhmZtmgR2p=s1600-w400
6782,https://lh3.googleusercontent.com/p/AF1QipNHFFQ5cYcmfIFSsWTjW2EvzeL6tSjdqMAf3mSW=s1600-w400
7221,https://lh3.googleusercontent.com/p/AF1QipMQfqa1nS2yWhZRAzsKWCUjEoAqFKry0QGHIK0Y=s1600-w400
7069,https://lh3.googleusercontent.com/p/AF1QipObHzvmBJEkk_Usj1z_m8RLAuq1gRFiESe7puUg=s1600-w400
6434,https://lh3.googleusercontent.com/p/AF1QipPUq_cU0kK96HSMURRri9AuaI5rjAXiDyo4qwj8=s1600-w400
6205,https://lh3.googleusercontent.com/p/AF1QipNKgulG6-rNaasmwSkoMyt4Ufiq6Hj3OosJ0Kkv=s1600-w400
6529,https://lh3.googleusercontent.com/p/AF1QipNpmbvTJD0ziyb1f11JaqwSpPe0LeY-GjfrciK8=s1600-w400
3432,https://lh3.googleusercontent.com/p/AF1QipNqZenH6hSHmNi9QX5xytudc9uR6zxw36j3PSF4=s1600-w400
6794,https://lh3.googleusercontent.com/p/AF1QipNFCM3lGSgrVXuDxA8yB1cW8O_3yMHgYtgKl4x8=s1600-w400
6753,https://lh3.googleusercontent.com/p/AF1QipO_IrdcNC5bfeWgy-5U6ZA-4Pj4pOkmbYgrlm7H=s1600-w400
6184,https://lh3.googleusercontent.com/p/AF1QipN0D0xdUt4xjCsakLtHm5EoaKuHrdeISp9eKEup=s1600-w400
1269,https://lh3.googleusercontent.com/p/AF1QipNd_8TWF0dMbPhmpYmVf-mMPKdXOWg3OFjqYKOi=s1600-w400
6636,https://lh3.googleusercontent.com/p/AF1QipPAhpNIGXpf48gzHfyt7utRfHllKEGfoE5IW2x9=s1600-w400
6999,https://lh3.googleusercontent.com/p/AF1QipPrK7StPY98NK2mPB8RHZ24RdjxUuC6TWGAWghI=s1600-w400
6780,https://lh3.googleusercontent.com/p/AF1QipOo53x4H4D1Vnrao8Spcso04hvgSW93-EsPHeJR=s1600-w400
5276,https://lh3.googleusercontent.com/p/AF1QipNUdj2SkLRtuzJZw0BPDx4Rv-lx0zauzdv2iISx=s1600-w400
6196,https://lh3.googleusercontent.com/p/AF1QipN5wWfynVXR7EGMpPbsp2Fue_mJQ31tzL8Uekrv=s1600-w400
5879,https://lh3.googleusercontent.com/p/AF1QipOK5WH8iF9O7JqqAHJIzWTDQoRf-crTHamrkYR6=s1600-w400
6967,https://lh3.googleusercontent.com/p/AF1QipM-9N0OeXnB8XF247ZUfB3dr293xJ-74bltCjZw=s1600-w400
6475,https://lh3.googleusercontent.com/p/AF1QipNfCqjk562KNc75U3ys0inpH36oi2S690KEmjiz=s1600-w400
6249,https://lh3.googleusercontent.com/p/AF1QipO1RuDGN-Vw4N5ggW7GzQD810jY2nk6HYsBLLpG=s1600-w400
1995,https://lh3.googleusercontent.com/p/AF1QipMRohe27T0NUO7GthOE-TwULu9T4hKMyJpAoXV6=s1600-w400
7004,https://lh3.googleusercontent.com/p/AF1QipNjG-0QR4OEQr03qCwu2x87Yubt8-uBdwZ4m9SC=s1600-w400
6803,https://lh3.googleusercontent.com/p/AF1QipMtu7EwdaGAhlGDTPq4aJPIY9ijoYAih0ORF9l3=s1600-w400
7045,https://lh3.googleusercontent.com/p/AF1QipOA3emcO9PSCrF6TGvydu7i39RB_gzGIj0bIWLB=s1600-w400
6181,null
7063,https://lh3.googleusercontent.com/p/AF1QipMAIJi3x1ijzK9OMh9tswcUZo_kyLnUZiSAYQQg=s1600-w400
6582,https://lh3.googleusercontent.com/p/AF1QipNWvPCRckbO3uZWXTXqXFkq_UVJuOBneJtL6XR7=s1600-w400
7002,https://lh3.googleusercontent.com/p/AF1QipPfRXzrAEzm7ljK1YZhy41uT_BEt3psjV_sHiun=s1600-w400
6996,https://lh3.googleusercontent.com/p/AF1QipNp4K2az-Gqxk1vZqEICjvNr3t8K_wJFRWbGSRt=s1600-w400
6700,null
6235,https://lh3.googleusercontent.com/p/AF1QipNODQXnlbYyMO9-Ys9cueED-tOG1cTlEBfiQdqG=s1600-w400
6329,https://lh3.googleusercontent.com/p/AF1QipN7qQxwtrxNTYLfw8pzsCZmK0JoMf71R5bdYXmH=s1600-w400
6378,https://lh3.googleusercontent.com/p/AF1QipPM-LWLisHQsjJEtDSH0tELFTU1nMNn-Goz7_xd=s1600-w400
7204,https://lh3.googleusercontent.com/p/AF1QipNfMwQBoR3WQw7G5NOUt1LKyRtLWmkMT1gBj5de=s1600-w400
6557,https://lh3.googleusercontent.com/p/AF1QipME7NzL3GKh34O4pc8RniDYoAdqCQL6GWGZ5BSH=s1600-w400
908,null
7188,https://lh3.googleusercontent.com/p/AF1QipO0oAmElUTVDYZSTYgWwykBhKABHkBfUTXq_KEs=s1600-w400
4957,https://lh3.googleusercontent.com/p/AF1QipPDKtRWKcr4uiLjCV33LHrMT-sbM3hOmezZyS43=s1600-w400
6192,https://lh3.googleusercontent.com/p/AF1QipPIkoxoQg8_qEYFZUBk1O047o_5vAJO4zOiisQZ=s1600-w400
6569,https://lh3.googleusercontent.com/p/AF1QipOZbmqE68TD5WMO0YAfcwYxVYh4c1ungWXnAWo=s1600-w400
7170,https://lh3.googleusercontent.com/p/AF1QipM2iXZ0htAn6jeta0hiyDUvwk0wIxfjH-pCDxcK=s1600-w400
6110,null
6924,https://lh3.googleusercontent.com/p/AF1QipOcugTfwHpReIJquNZRRJLxbeIUzv_WfKURv2kf=s1600-w400
6566,https://lh3.googleusercontent.com/p/AF1QipOjXqHlLcviShLaO3jenvqt_KIbs7wlt8VTGOs=s1600-w400
6992,https://lh3.googleusercontent.com/p/AF1QipOhypM-q9p_ZfyVBnpxSzSsUutymR9OPpLSQijd=s1600-w400
3672,https://lh3.googleusercontent.com/p/AF1QipM6Z_WlPEmzjvA0qCnoggZvZ5nWvgICsodpPXpt=s1600-w400
6779,https://lh3.googleusercontent.com/p/AF1QipOfYsE-0a71cOmZxKzATfcFqtUo8zh1DPFlJhWx=s1600-w400
5317,https://lh3.googleusercontent.com/p/AF1QipNU3Zq18t662rCy4r3U9CYSaNWi-Nfr5Wh-gQct=s1600-w400
6363,https://lh3.googleusercontent.com/p/AF1QipMx4eHyxjFi81aaI6Zvz5Fp3CT89UXVok8y-oRc=s1600-w400
1007,https://lh3.googleusercontent.com/p/AF1QipMoBp5caee5yPGhIgZPUMX_ue182NQTIRjZOmPx=s1600-w400
7075,https://lh3.googleusercontent.com/p/AF1QipPZjPseUQ62vqI3B_BLeyvrzmTXcoykYLupB8JN=s1600-w400
6516,https://lh3.googleusercontent.com/p/AF1QipN7OnHb57EQ9B4B8iTIT82PSEy4hliSlSSJM9iG=s1600-w400
5821,https://lh3.googleusercontent.com/p/AF1QipMA463ZwC1__pjWlWReSrJp2KFI4wrBAi46Svx5=s1600-w400
6429,https://lh3.googleusercontent.com/p/AF1QipPfdvpcah2WqYqQYz2nAvj3OcH-Yn_jnJyL8bcy=s1600-w400
6370,https://lh3.googleusercontent.com/p/AF1QipMZu2KMhN_xc7hnUwpWDU6QGsJdBJsap12NXSmY=s1600-w400
3170,https://lh3.googleusercontent.com/p/AF1QipNtTWmdI_pYeRHV7m78vJaDJAN28THweqFzQu02=s1600-w400
7147,https://lh3.googleusercontent.com/p/AF1QipPEzLCZhGqyoG4cNJEIVWQ-X2KpktqguQm_AOjQ=s1600-w400
6879,https://lh3.googleusercontent.com/p/AF1QipPDeAbrRi8GY8apzP7MDqzjW64Mfj6t3138XBi8=s1600-w400
7025,https://lh3.googleusercontent.com/p/AF1QipPEwFAkQenEihkr4ZNHv7lc0nASWCvpXc7GxMpM=s1600-w400
5053,https://lh3.googleusercontent.com/p/AF1QipO06d0PP-gczfJ9TH7HiVmW5-196JQuvIVyzXRq=s1600-w400
6318,https://lh3.googleusercontent.com/p/AF1QipNcSY2cqbPVbUZN8oM9gudc4gNY9eclWZp0cvSJ=s1600-w400
6969,https://lh3.googleusercontent.com/p/AF1QipNvBGGQHfo7ulzpT_wjm9_9T1ZCAHSpz9jQ4_jd=s1600-w400
6191,https://lh3.googleusercontent.com/p/AF1QipNewnl9UbVjiTbLE5k8ke__GwFRyNL5cVK5Ab8R=s1600-w400
5508,https://lh3.googleusercontent.com/p/AF1QipNmq4jKNFDUJsZ1ERqmRztBDx7k0FsGbyhU59H4=s1600-w400
5444,https://lh3.googleusercontent.com/p/AF1QipON2KIjJsNFE86Y3SVpc0UeIStEBZZtTPcEPZEe=s1600-w400
6180,https://lh3.googleusercontent.com/p/AF1QipMOprTQFoBpBdQIEwrNYINNiTq3sT8I8O-tkcGU=s1600-w400
6567,https://lh3.googleusercontent.com/p/AF1QipP0ivyuZBscPFfdG5tYLQYSf6lD48VATTedukEx=s1600-w400
5433,null
1792,https://lh3.googleusercontent.com/p/AF1QipNdw0-nqN-maXNUvLmyR2hv-S19G8ij2sjY9FRu=s1600-w400
6661,https://lh3.googleusercontent.com/p/AF1QipOG7KjhH8sLcNX3izrdJTkGPr2kTx-cq86O1o0J=s1600-w400
3420,null
6878,https://lh3.googleusercontent.com/p/AF1QipN_Wtfx1T5fdxl5qWTYapY2MmQ6FN6XFjrlZZ5s=s1600-w400
1550,https://lh3.googleusercontent.com/p/AF1QipO-zrXWTkoN4GccBQtOHBYFUpz70HiRPvEsXx4R=s1600-w400
5237,https://lh3.googleusercontent.com/p/AF1QipOOFlqfIzegRK4Wed552ukgwRhQMh_QaYKnFZg9=s1600-w400
7087,https://lh3.googleusercontent.com/p/AF1QipMRKN-g7aCi99MKWPxfMpscZNNRAbFu_AZThQ0B=s1600-w400
4959,https://lh3.googleusercontent.com/p/AF1QipMlz4d7dZDkUeRISVvXdpyTQNLNkDyCI6u4sqTT=s1600-w400
7083,https://lh3.googleusercontent.com/p/AF1QipMHsTnqKfA2DecYQ2cEIxqHb2rvsCE_7z_Z7BmN=s1600-w400
3724,https://lh3.googleusercontent.com/p/AF1QipME_Ti53gYMTs9Bcj4RcG-h-4nVY_7y7sLy8N9B=s1600-w400
6883,https://lh3.googleusercontent.com/p/AF1QipOCdYHWfwdqars8N6-woWezyQvk0YQakUMA8txW=s1600-w400
4794,https://lh3.googleusercontent.com/p/AF1QipOg5QXf0JbjNROCyo1-dLKcNKI8btBFh5rcJp5-=s1600-w400
7068,https://lh3.googleusercontent.com/p/AF1QipOjUccJ1nQXRXb-qGZknyq26YxlQZVVWkJpghVC=s1600-w400
5877,https://lh3.googleusercontent.com/p/AF1QipNW96B1aQV8n9p9Ci-a5OKrjFfHqoXL4xJFcWFW=s1600-w400
6799,https://lh3.googleusercontent.com/p/AF1QipNBxUyv4gkxvMSqZL-SVz7t5K3x6WJAJYBvHLH_=s1600-w400
6863,null
5884,https://lh3.googleusercontent.com/p/AF1QipPVW7b1N5_VEi9DZVmLssa_3WVdfbxHS3nYOjPs=s1600-w400
6007,https://lh3.googleusercontent.com/p/AF1QipNbGdZ3W3z-eMU5_4m36ru9KSLjRMNVXd2XBI_h=s1600-w400
7036,https://lh3.googleusercontent.com/p/AF1QipOkADP7D2BWFHcIdbqUxisSMi9HPzSBXt83Wou5=s1600-w400
5269,https://lh3.googleusercontent.com/p/AF1QipPUlVF_gOaqBLSgLiSeGN93AGxyd2sEQC-PQL1r=s1600-w400
6171,https://lh3.googleusercontent.com/p/AF1QipNmTp-17Z3M4DxdtojOvxf49KJMYO608EwozUVs=s1600-w400
6795,https://lh3.googleusercontent.com/p/AF1QipN1BbzU45BNPrd9lgGtbOqQJdRG4J2sZP_p7A7k=s1600-w400
6876,null
5256,https://lh3.googleusercontent.com/p/AF1QipP_rX6w0i5D0qmVId2g0cynx-4b8V5VcHYxnDUj=s1600-w400
4900,https://lh3.googleusercontent.com/p/AF1QipNoj7Cdm8A5gzBi4wNujOb8oynQC7LTkIrjtMWE=s1600-w400
1307,https://lh3.googleusercontent.com/p/AF1QipPnSFLm1HJy4BYKAO_TjqToSY1enmpc_x3_fdfG=s1600-w400
6628,https://lh3.googleusercontent.com/p/AF1QipOrAVZ_VJQq0yOKPTY7x2V-kPlgw-ipE1hG_eFB=s1600-w400
6773,https://lh3.googleusercontent.com/p/AF1QipNpB11SWXckmIIR66Jnk8VNxR2zQmhs7tAauWjx=s1600-w400
6832,https://lh3.googleusercontent.com/p/AF1QipMwwuNs_NvIZDg3SeUbgARK1FBGW4zOEF7tZt8h=s1600-w400
6230,https://lh3.googleusercontent.com/p/AF1QipNx8wMa7jC5zEDIXiYnUsJvG0jPXvU2gwFPFDEg=s1600-w400
5301,null
6324,https://lh3.googleusercontent.com/p/AF1QipNeVMsL7y4zKeuDTYJ38jvPBkrq4aOWwyzO-b0W=s1600-w400
5393,https://lh3.googleusercontent.com/p/AF1QipMUZk2Rhh7XE_KrrihijuZqtzJvBHcDyGv1sgWB=s1600-w400
858,https://lh3.googleusercontent.com/p/AF1QipOI3wnay5dk1kBsujenErycOAgyk2k6viULcbM=s1600-w400
6267,https://lh3.googleusercontent.com/p/AF1QipODoLr_t4_q4nHg2xaLrQgO2bI4mO4DF16FRqE5=s1600-w400
6545,https://lh3.googleusercontent.com/p/AF1QipOXYJ1yFL8tDwry26LVRBFE9CqNKXdZA8_Mz63g=s1600-w400
6941,https://lh3.googleusercontent.com/p/AF1QipNpVQL7w8HZAi8_lJyZsByGTq1V9pwjqPOnPXHk=s1600-w400
6189,https://lh3.googleusercontent.com/p/AF1QipOpYTTlgl6oWsAku6avsS1sXwKQu2qO4W_vOd_2=s1600-w400
6633,https://lh3.googleusercontent.com/p/AF1QipMDlIGSvtG6g3vJXAcMP1OxgVGLnLOWiqc-ad4W=s1600-w400
5429,https://lh3.googleusercontent.com/p/AF1QipNgOG7OPYNTahhWZiWg93ZzbPCx7Zh4LMw6PcCR=s1600-w400
6277,https://lh3.googleusercontent.com/p/AF1QipPoB13F661VGbEGsEqwk0kflO1zmPER3LSLnIeW=s1600-w400
5609,https://lh3.googleusercontent.com/p/AF1QipNVknmwXNG6DIb-jRr6MqF4NreR4NAvSPVUU_WD=s1600-w400
6841,https://lh3.googleusercontent.com/p/AF1QipOBamsZWsApOExw2Hhrnk9p0-zCV9-7F0rZI5h4=s1600-w400
5229,null
6455,https://lh3.googleusercontent.com/p/AF1QipN810bA4fd-jvnvdRMhnmVS9jU0lP7GWDk-DfIN=s1600-w400
5975,https://lh3.googleusercontent.com/p/AF1QipPpGsUCXH9pH1_Imb5SIzBf3X_3fzOIFQ5Y6XdT=s1600-w400
6203,https://lh3.googleusercontent.com/p/AF1QipPJRvccF1_aNqGt9tLoizSOpEB25QzGSPsj87j7=s1600-w400
1153,null
6177,https://lh3.googleusercontent.com/p/AF1QipMWqVzd42c31GNGUEdfkyIf5K6Q55cSz70vpSkm=s1600-w400
6665,https://lh3.googleusercontent.com/p/AF1QipNbGdZ3W3z-eMU5_4m36ru9KSLjRMNVXd2XBI_h=s1600-w400
6522,https://lh3.googleusercontent.com/p/AF1QipPzKm9PotleS9T4HsV8QGJ3vANSr-Bz1WrtKELV=s1600-w400
6910,null
5266,https://lh3.googleusercontent.com/p/AF1QipPveQRj8qqBWJP4L_oP2mfDJWaHiYP4RPOtS_V5=s1600-w400
913,https://lh3.googleusercontent.com/p/AF1QipMbpISXSYAiBwIAGdRBz6DJsIDvScIestvHq3LZ=s1600-w400
3699,https://lh3.googleusercontent.com/p/AF1QipMWR7zc6rpDeKGSeWmNxwhV1aIMcdUAz_S5T4o6=s1600-w400
6842,https://lh3.googleusercontent.com/p/AF1QipMgd1swxEhTezybU56o8rM_6Vz37AMxysap8LKx=s1600-w400
6237,https://lh3.googleusercontent.com/p/AF1QipMjtmSUanz3mYX0K6BPqmVRoWE6tfCgQwFhltf8=s1600-w400
6621,https://lh3.googleusercontent.com/p/AF1QipNFAYQqA6aJ6S-HvswkNr6wu-r3Pv9A8GfiokY=s1600-w400
5001,https://lh3.googleusercontent.com/p/AF1QipOY5jysO5PIce3T_8StKuFkfnDojQwjU0--P5rs=s1600-w400
7100,https://lh3.googleusercontent.com/p/AF1QipPIUbVJL5sv-QHBRAynqocYCrzVzHzlrBjYUH1z=s1600-w400
7148,null
6530,https://lh3.googleusercontent.com/p/AF1QipM3cwDyPjnVNxL3vo4eECt9kat1Nq4ih75DqrG5=s1600-w400
5183,null
6929,https://lh3.googleusercontent.com/p/AF1QipOhQ4fmQdoLCEKMhgTL2_ogKUevql8tzLZueXK1=s1600-w400
3603,https://lh3.googleusercontent.com/p/AF1QipMo9XbIV3YswDs5pdp7CQO5tgxD6t4DppQlu7lx=s1600-w400
6246,https://lh3.googleusercontent.com/p/AF1QipOL6NRZgImAY_4c9mAg6sjxYvGCFJ3tbyvXDKip=s1600-w400
4795,https://lh3.googleusercontent.com/p/AF1QipPwmWP9ToJj89dSTR86fm3GEIPH4o6syquzc-YT=s1600-w400
3222,https://lh3.googleusercontent.com/p/AF1QipMqR5hYbXknHz0LuATWIspfEORDLjPDTS5bxEPy=s1600-w400
6824,https://lh3.googleusercontent.com/p/AF1QipMfIGmLE3KtPMHCexOdj8AKKQZ5zM3q7i1Dpt9q=s1600-w400
5231,https://lh3.googleusercontent.com/p/AF1QipOKJBlzYcUKfTgjm81RCVa4JHhC6hfwGDJposus=s1600-w400
3662,https://lh3.googleusercontent.com/p/AF1QipPfnhkwsY5wLCERC6j9ebjnfd2LFqZ7zeqv1aWD=s1600-w400
6856,null
5234,https://lh3.googleusercontent.com/p/AF1QipMSKLRAWN0Qi__TvaTGtkr79qOKoSgocqti8i2a=s1600-w400
5619,null
6519,https://lh3.googleusercontent.com/p/AF1QipPMBMUe5ndRvoX5aNkXO93pu5qIgbpDhB8Wt3wf=s1600-w400
3761,https://lh3.googleusercontent.com/p/AF1QipPZ2UypxIyZr4lKqIXusjEgFiZLckPxCa3AERCz=s1600-w400
6946,https://lh3.googleusercontent.com/p/AF1QipMBbPtgsyz4HVL6Iy4l3NktDbgJ-OZN2nza9WoJ=s1600-w400
7322,https://lh3.googleusercontent.com/p/AF1QipM5CLe3VPsP92QUFEbUKstvge0jChc4CdNiTUY=s1600-w400
7240,https://lh3.googleusercontent.com/p/AF1QipM_16_6NFR4cM1NLytboE4EVMKwf4klZq2pm78o=s1600-w400
6471,null
7212,https://lh3.googleusercontent.com/p/AF1QipMTpQBlE_2cy5izMLxmVtNMJeyCP5G7H4WMBr57=s1600-w400
6828,https://lh3.googleusercontent.com/p/AF1QipPv3lGUuYgEfKkLBS96eczRTGkpwWIC37inpGBy=s1600-w400
6836,https://lh3.googleusercontent.com/p/AF1QipPFw5RX3PB214xwQUDFIge6PrtwFjaglsN-vFe7=s1600-w400
1267,https://lh3.googleusercontent.com/p/AF1QipMi0D1HMz8yO-Go-aob7YxB07GE3Gyamf7RSyXO=s1600-w400
1305,https://lh3.googleusercontent.com/p/AF1QipPPWgZujoHAnFoIdL-5qhuFut4jGLfGg86-bQVA=s1600-w400
3441,https://lh3.googleusercontent.com/p/AF1QipNp1j7Ug-ObX3kzcPJvPSiS2zpMozJjp4usW3jw=s1600-w400
5249,https://lh3.googleusercontent.com/p/AF1QipPKkG0nDcuXAjOHlFaAsAz8pCWZi2wwUWZ5r5vg=s1600-w400
6989,https://lh3.googleusercontent.com/p/AF1QipPBwupKQGyqg4V--d2hqcg-cqtKLSNnW427W6qB=s1600-w400
6573,https://lh3.googleusercontent.com/p/AF1QipN3MU8lGDG5Q2fwHIMldp90a-cQUyqpA-DRZ-Q-=s1600-w400
4912,https://lh3.googleusercontent.com/p/AF1QipMv_qv2DkaSfGRv3WRt1Yhz-WM66BFe_2RAAbob=s1600-w400
3210,null
6268,https://lh3.googleusercontent.com/p/AF1QipP6SoONfGB_md0g0VV0W998haiobrTTE4VvqN3h=s1600-w400
5255,https://lh3.googleusercontent.com/p/AF1QipM3ufLAgP5FPF1Tzjrr1dL6RDhIcfrQ4ONOZHwC=s1600-w400
6622,https://lh3.googleusercontent.com/p/AF1QipP5nKTheysn-6ovcHaDvUWfaZ7Taw5BeFitZ3Ba=s1600-w400
6568,https://lh3.googleusercontent.com/p/AF1QipNm8vVMN2J90nOVw2vwxOdEOblNMukXO5dyX3fy=s1600-w400
6920,https://lh3.googleusercontent.com/p/AF1QipO1-3XL0QArrmAFhWw_BKN1R4ZM1bct-QoXy8Kw=s1600-w400
4793,null
5820,null
6640,https://lh3.googleusercontent.com/p/AF1QipPy_1i1zl0REa0GnaC7t9QiTsaGZnQniXwAHoxv=s1600-w400
5762,https://lh3.googleusercontent.com/p/AF1QipMmRinyBLE3Aq2Hm5LStfcABeqUrTxKszPhFK3y=s1600-w400
5844,https://lh3.googleusercontent.com/p/AF1QipNlZTaLSSjk0t-BQnL2XcxGOFX-iTL6900td0IZ=s1600-w400
6865,https://lh3.googleusercontent.com/p/AF1QipNZH4NiaZu-3vRXu6dlj3FQqfzZHeEmndC9ZO-A=s1600-w400
1290,null
5257,null
6921,https://lh3.googleusercontent.com/p/AF1QipMyOlLmHLtdNIVibZm0_hpp-dZjzYrJ6htUKICB=s1600-w400
6265,https://lh3.googleusercontent.com/p/AF1QipOeu1E-VizC_m0bxtZ2E4G42Au7tVdA2m1cgd4v=s1600-w400
6862,https://lh3.googleusercontent.com/p/AF1QipN3TZm3Kyfj0rDvkl1hGaMe4PaWRJhn_MscyJk-=s1600-w400
1548,https://lh3.googleusercontent.com/p/AF1QipPv7LoJYR4ar_0EDw00FMA50hbSPTnbelvBik0Q=s1600-w400
1211,https://lh3.googleusercontent.com/p/AF1QipMcypGIC3_E8Mj1OXnn3kZKIblT5fRrZEGDtHUZ=s1600-w400
1549,https://lh3.googleusercontent.com/p/AF1QipNwiHPZSHFZuFOCRt-0dcbPJ9WkRWN7wYWeVeRh=s1600-w400
6571,https://lh3.googleusercontent.com/p/AF1QipMcu0Ds4dK-TZZQ-1gnprlizJ0zz6meIGzr70zv=s1600-w400
6907,https://lh3.googleusercontent.com/p/AF1QipP9xhY2os6ydC342LHO_mjPfayPOz7xj9OPivBU=s1600-w400
6934,https://lh3.googleusercontent.com/p/AF1QipNKcSweFcS_0J1DG4Pc02gcIaBIUojjUHDxTcBS=s1600-w400
5885,https://lh3.googleusercontent.com/p/AF1QipOdtRrgv8c69hB_GEj0W980Uvficwo4FN9P0z85=s1600-w400
5000,https://lh3.googleusercontent.com/p/AF1QipPvvBmXs4UhZZ8SthQGx9-cwCKe5x5CWJhHEM9W=s1600-w400
