A Coruña,Alvedro Airport,LCG,43.301164,-8.3792087
Aalborg,Aalborg Airport,AAL,57.0969187,9.8564632
Aarhus,Aarhus Airport,AAR,56.3075123,10.6281027
Abakan,Abakan International Airport,ABA,53.7511881,91.3997373
Aberdeen,Aberdeen Airport,ABZ,45.4534583,-98.4177261
Abidjan,Port Bouet Airport,ABJ,5.2544696,-3.9296293
Abu Dhabi,Abu Dhabi International Airport,AUH,24.441938,54.6500736
Abuja,Nnamdi Azikiwe International Airport,ABV,9.0040254,7.2690523
Acapulco,General Juan N. Alvarez International Airport,ACA,16.762312,-99.755607
Accra,Kotoka International Airport,ACC,5.6060955,-0.1681235
Adana,Şakirpaşa Airport,ADA,36.9858545,35.2881528
Addis Ababa,Addis Ababa Bole International Airport,ADD,8.983364,38.7962742
Addu City,Gan International Airport,GAN,-0.693184,73.155678
Adelaide,Adelaide Airport,ADL,-34.9461557,138.5332378
Aden,Aden International Airport,ADE,12.8253779,45.0370896
Adrar,Touat-Cheikh Sidi Mohamed Belkebir Airport,AZR,27.8412452,-0.1880881
Agadir,Al Massira Airport,AGA,30.3270276,-9.4128893
Aguadilla,Rafael Hernández Airport,BQN,18.4953957,-67.1355779
Aguascalientes,Lic. Jesús Terán Peredo International Airport,AGU,21.701298,-102.3162276
Ahmedabad,Sardar Vallabhbhai Patel International Airport,AMD,23.0734262,72.626571
Ajaccio,Campo dell'Oro Airport,AJA,41.9202168,8.7946284
Akita,Akita Airport,AXT,39.6149283,140.2173191
Akron,Akron Fulton International Airport,AKC,41.0376183,-81.4672037
Akron,Akron–Canton Airport,CAK,40.9153779,-81.4418833
Aktau,Aktau Airport,SCO,43.8568095,51.0869446
Akureyri,Akureyri Airport,AEY,65.6546174,-18.0755956
Al Ain,Al Ain International Airport,AAN,24.2585152,55.6194388
Al Najaf,Al Najaf International Airport,NJF,31.9896051,44.4051829
Albany,Albany International Airport,ALB,42.7487124,-73.8054981
Albuquerque,Albuquerque International Sunport,ABQ,35.0433333,-106.6129085
Alderney,Alderney Airport,ACI,49.7087532,-2.2148435
Aleppo,Aleppo International Airport,ALP,36.1845831,37.2275099
Alexandria,Borg El Arab Airport,HBE,30.9324101,29.6964637
Alexandria,Alexandria International Airport,ALY,31.3274112,-92.5451856
Alghero,Fertilia Airport,AHO,40.6335788,8.291732
Algiers,Houari Boumedienne Airport,ALG,36.6975267,3.2067834
Alicante,Alicante Airport,ALC,38.285483,-0.560056
Almaty,Almaty International Airport,ALA,43.3499265,77.0252894
Almería,Almería International Airport,LEI,36.844647,-2.3731477
Alofi,Niue International Airport,IUE,-19.0781944,-169.925872
Ambon,Pattimura Airport,AMQ,-3.7057907,128.0888761
Ambrolauri,Ambrolauri Airport,UGAM,42.5265587,43.1352103
Amman,Amman Civil Airport,ADJ,31.975327,35.983234
Amman,Queen Alia International Airport,AMM,31.7231934,35.9957783
Amritsar,Sri Guru Ram Dass Jee International Airport,ATQ,31.7072461,74.7988962
Amsterdam,Amsterdam Airport Schiphol,AMS,52.3105386,4.7682744
Anadyr (town),Ugolny Airport,DYR,64.7134717,177.7381362
Anapa,Anapa Airport,AAQ,45.0030341,37.3408419
Anchorage,Ted Stevens Anchorage International Airport,ANC,61.1758863,-149.9900792
Ancona,Ancona Airport,AOI,43.6105279,13.3558312
Angeles,Clark International Airport,CRK,15.1846488,120.5569236
Ankara,Esenboğa International Airport,ESB,40.1244399,32.9916726
Annaba,Rabah Bitat Airport,AAE,36.8240582,7.8215693
Antalya,Antalya Airport,AYT,36.9043327,30.8018768
Antananarivo,Ivato International Airport,TNR,-18.7993016,47.4752711
Antigua,VC Bird International Airport,ANU,17.1417911,-61.790564
Antofagasta,Cerro Moreno International Airport,ANF,-23.4488185,-70.4408664
Antsiranana,Arrachart Airport,DIE,-12.351111,49.294167
Antwerp,Antwerp International Airport,ANR,51.188746,4.4608734
Aomori,Aomori Airport,AOJ,40.7382794,140.6890971
Apia,Faleolo International Airport,APW,-13.83045,-172.0081099
Appleton,Appleton International Airport,ATW,44.2602864,-88.511193
Aqaba,King Hussein International Airport,AQJ,29.6132967,35.0199378
Aracaju,Santa Maria Airport,AJU,34.8991411,-120.4477733
Arbil,Erbil International Airport,EBL,36.2336027,43.955182
Arequipa,Rodríguez Ballón International Airport,AQP,-16.3446809,-71.5678811
Arkhangelsk,Talagi Airport,ARH,64.5961154,40.7145478
Armenia,El Edén International Airport,AXM,4.4528825,-75.7662982
Asaba,Asaba International Airport,ABB,6.2092698,6.6611697
Ashgabat,Ashgabat Airport,ASB,37.9845133,58.3665111
Asmara,Asmara International Airport,ASM,15.285,38.901667
Astana,Astana International Airport,TSE,51.0280685,71.4633028
Astrakhan,Narimanovo Airport,ASF,46.2870369,47.9998808
Asturias,Asturias Airport,OVD,43.5623823,-6.0334979
Asunción,Silvio Pettirossi International Airport,ASU,-25.2415129,-57.5141814
Aswan,Aswan International Airport,ASW,23.9664425,32.8244756
Asyut,Assiut Airport,ATZ,27.050007,31.0154076
Athens,Athens International Airport,ATH,37.9356467,23.9484156
Atlanta,Hartsfield-Jackson Atlanta International Airport,ATL,33.6407282,-84.4277001
Atlantic City,Atlantic City International Airport,ACY,39.4557779,-74.5725117
Atyrau,Atyrau Airport,GUW,47.1224489,51.8304487
Auckland,Auckland Airport,AKL,-37.0082476,174.7850358
Austin,Austin-Bergstrom International Airport,AUS,30.1974711,-97.6663529
Baden-Baden,Karlsruhe/Baden-Baden Airport,FKB,48.7781001,8.0875217
Baghdad,Baghdad International Airport,BGW,33.267015,44.2311592
Bahawalpur,Bahawalpur Airport,BHV,29.34989,71.711227
Baku,Heydar Aliyev International Airport,GYD,40.4650578,50.0523162
Balikpapan,Sultan Aji Muhammad Sulaiman Airport,BPN,-1.2658151,116.8977258
Baltimore,Baltimore-Washington International Thurgood Marshall Airport,BWI,39.1774042,-76.6683922
Bamako,Senou International Airport,BKO,null,
Bandar Abbas,Bandar Abbas International Airport,BND,27.2094978,56.3687672
Bandar Seri Begawan,Brunei International Airport,BWN,4.9439279,114.9316671
Bandung,Husein Sastranegara International Airport,BDO,-6.9038355,107.5801958
Bangalore,Kempegowda International Airport,BLR,13.1986348,77.7065928
Bangkok,Don Mueang International Airport,DMK,13.9132602,100.6041987
Bangkok,Suvarnabhumi Airport,BKK,13.6899991,100.7501124
Bangor,Bangor International Airport,BGR,44.8069263,-68.823274
Bangui,M'Poko International Airport,BGF,4.396111,18.520279
Banja Luka,Banja Luka International Airport,BNX,44.9336292,17.30379
Banjarmasin,Syamsudin Noor Airport,BDJ,-3.4379721,114.7536
Banjul,Banjul International Airport,BJL,13.3439094,-16.6522851
Bannu,Bannu Airport,BNP,32.9729775,70.5194575
Barcelona,Barcelona Airport,BCN,41.297445,2.0832941
Bari,Palese Airport,BRI,41.137508,16.765202
Barnaul,Barnaul Airport,BAX,53.3612644,83.547385
Barranquilla,Ernesto Cortissoz International Airport,BAQ,10.8866016,-74.776425
Basel-Mulhouse-Freiburg,EuroAirport Basel–Mulhouse–Freiburg,BSL,47.5981804,7.5254958
Basra,Basra International Airport,BSR,30.5527363,47.6682884
Bastia,Poretta Airport,BIA,42.5527737,9.4825088
Batna City,Batna Airport,BLJ,35.7572864,6.3095251
Batumi,Batumi International Airport,BUS,41.6067888,41.6108509
Beauvais,Beauvais-Tillé Airport,BVA,49.4544677,2.1115111
Beihai,Beihai Fucheng Airport,BHY,21.540486,109.293386
Beijing,Beijing Capital International Airport,PEK,40.0798573,116.6031121
Beijing,Beijing Nanyuan Airport,NAY,39.7825,116.3877778
Beira,Beira Airport,BEW,-19.7987957,34.9020493
Beirut,Beirut Rafic Hariri International Airport,BEY,33.8193756,35.4912043
Beja,Beja Airport,BYJ,38.0636678,-7.9393034
Bejaia,Soummam Airport,BJA,36.7153777,5.0712886
Belfast,Belfast International Airport,BFS,54.6557252,-6.2193227
Belfast,George Best Belfast City Airport,BHD,54.6176164,-5.8718304
Belgorod,Belgorod International Airport,EGO,50.6451114,36.5705939
Belgrade,Belgrade Nikola Tesla Airport,BEG,44.820498,20.291691
Belize City,Philip S. W. Goldson International Airport,BZE,17.5360677,-88.3077692
Belo Horizonte,Tancredo Neves International Airport,CNF,-19.634099,-43.965396
Belém,Val de Cães International Airport,BEL,-1.3820615,-48.4775227
Benghazi,Benina International Airport,BEN,32.0836981,20.261859
Bergamo,Orio al Serio Airport,BGY,45.6695707,9.7036313
Bergen,Bergen Airport,BGO,60.29183,5.2220173
Bergerac,Bergerac-Roumanière Airport,EGC,44.8240252,0.5186379
Berlin,Berlin Brandenburg Airport (Future),BER,52.3655663,13.5112218
Berlin,Berlin Schönefeld Airport,SXF,52.3733153,13.5064497
Berlin,Berlin Tegel Airport,TXL,52.5588327,13.2884374
Bern,Bern-Belp Airport,BRN,46.912222,7.499167
Bhopal,Raja Bhoj International Airport,BHO,23.2907897,77.3356595
Bhubaneswar,Biju Patnaik International Airport,BBI,20.2506772,85.8145311
Biarritz,Biarritz Airport,BIQ,43.4675341,-1.5268994
Bicol Region,Bicol International Airport,none,13.1140459,123.6791142
Billund,Billund Airport,BLL,55.7408067,9.1525999
Birjand,Birjand International Airport,XBJ,32.8894216,59.28961
Birmingham,Birmingham International Airport,BHX,33.5624269,-86.754126
Birmingham,Birmingham-Shuttlesworth International Airport,BHM,33.5624269,-86.754126
Bishkek,Manas Airport,FRU,43.0542394,74.4695079
Bissau,Osvaldo Vieira International Airport,OXB,11.8822716,-15.6559158
Blagoveshchensk,Ignatyevo Airport,BQS,50.4221882,127.4074684
Blantyre,Chileka International Airport,BLZ,-15.6813258,34.971707
Bluefields,Bluefields Airport,BEF,11.991944,-83.7724999
Boa Vista,Aristides Pereira International Airport,BVC,16.1354117,-22.8923338
Boa Vista,Boa Vista International Airport,BVB,2.8419238,-60.6925903
Bobo-Dioulasso,Bobo Dioulasso Airport,BOY,11.160496,-4.329764
Bocas Town,Bocas del Toro "Isla Colón" International Airport,BOC,9.3405048,-82.2442941
Bodrum,Milas-Bodrum Airport,BJV,37.248656,27.6639925
Bodø,Bodø Airport,BOO,67.2683099,14.362237
Bogotá,El Dorado International Airport,BOG,4.7014128,-74.1444969
Bologna,Bologna Airport,BLQ,44.5345216,11.2878593
Bordeaux,Mérignac Airport,BOD,44.8305935,-0.7103052
Bosaso,Bosaso Airport,BSA,11.2789519,49.1502065
Boston,Logan International Airport,BOS,42.3656132,-71.0095602
Bournemouth,Bournemouth Airport,BOH,50.7815655,-1.8404302
Brades,John A. Osborne Airport,MNI,16.7914299,-62.193331
Brasília,Brasília International Airport,BSB,-15.8697369,-47.9172348
Bratislava,M. R. Štefánik Airport,BTS,48.1702634,17.2105238
Bratsk,Bratsk Airport,BTK,56.3649769,101.7032396
Brazzaville,Maya-Maya Airport,BZV,-4.250653,15.2575148
Bremen,Bremen Airport,BRE,53.0479714,8.7858736
Brescia,Brescia Airport,VBS,45.4257147,10.3265799
Brest,Brest Bretagne Airport,BES,48.4476378,-4.4178324
Brindisi,Brindisi Airport,BDS,40.6567625,17.9453492
Brisbane,Brisbane Airport,BNE,-27.3942144,153.1218303
Bristol,Bristol Airport,BRS,51.3836304,-2.7135463
Brno,Brno-Tuřany Airport,BRQ,49.1522313,16.6933509
Brussels,Brussels Airport,BRU,50.900999,4.4855744
Brussels,Brussels South Charleroi Airport,CRL,50.4625374,4.4588213
Bryansk,Bryansk International Airport,BZK,53.2134973,34.1827316
Bubaque,Bubaque Airport,BQE,11.8822716,-15.6559158
Bucaramanga,Palonegro International Airport,BGA,7.1280895,-73.1812714
Bucharest,Henri Coanda International Airport,OTP,44.5707306,26.0844123
Budapest,Budapest Ferenc Liszt International Airport,BUD,47.4384587,19.2522958
Buenos Aires,Aeroparque Jorge Newbery,AEP,-34.5580305,-58.4170088
Buenos Aires,Ministro Pistarini International Airport,EZE,-34.8150044,-58.5348284
Buffalo,Buffalo Niagara International Airport,BUF,42.9397059,-78.7295067
Bujumbura,Bujumbura International Airport,BJM,-3.3185781,29.3210023
Bulawayo,Joshua Mqabuko Nkomo International Airport,BUQ,null,
Burgas,Burgas Airport,BOJ,42.5652706,27.5160873
Bursa,Yenişehir Airport,YEI,40.254596,29.5568343
Busan,Gimhae International Airport,PUS,35.17322,128.9464591
Bydgoszcz,Bydgoszcz Ignacy Jan Paderewski Airport,BZG,53.0979509,17.9726813
Béziers,Béziers Cap d'Agde Airport,BZR,43.322513,3.3554379
Cagayan,Cagayan Special Economic Zone,Cagayan North International Airport,18.446356,122.1367713
Cagliari,Cagliari Airport,CAG,39.2513457,9.0559675
Cairns,Cairns Airport,CNS,-16.8777626,145.7499352
Cairo,Cairo International Airport,CAI,30.1127092,31.3998558
Calabar,Margaret Ekpo International Airport,CBQ,null,
Calgary,Calgary International Airport,YYC,51.1215031,-114.0076156
Cali,Alfonso Bonilla Aragon International Airport,CLO,3.5439613,-76.3840645
Camagüey,Ignacio Agramonte International Airport,CMW,21.4247279,-77.8451568
Campinas,Viracopos International Airport,VCP,-23.008205,-47.1375685
Campo Grande,Campo Grande International Airport,CGR,-20.4686937,-54.6741233
Can Tho,Can Tho International Airport,VCA,10.0804831,105.7121776
Canberra,Canberra Airport,CBR,-35.3052327,149.1933934
Cancún,Cancun International Airport,CUN,21.0403409,-86.873564
Canouan,Canouan Airport,CIW,12.6991667,-61.3425
Cap-Haïtien,Hugo Chávez International Airport,CAP,19.7332231,-72.1943468
Cape Town,Cape Town International Airport,CPT,-33.971463,18.6020851
Caracas,Simón Bolívar International Airport,CCS,10.5972583,-67.0053373
Carcassonne,Salvaza Airport,CCF,43.2157514,2.3061711
Cardiff,Cardiff Airport,CWL,51.3981929,-3.3454569
Cartagena de Indias,Rafael Núñez International Airport,CTG,10.446315,-75.516454
Casablanca,Mohammed V International Airport,CMN,33.3734949,-7.5811276
Catania,Fontanarossa Airport,CTA,37.4673046,15.0657746
Cayenne,Cayenne-Rochambeau Airport,CAY,4.8222247,-52.3638975
Cayman Brac,Charles Kirkconnell International Airport,CYB,19.690191,-79.87941
Cayo Coco,Jardines del Rey Airport,CCC,22.461558,-78.327313
Cayo Largo del Sur,Vilo Acuña Airport,CYO,21.6232058,-81.5536903
Cephalonia,Kefalonia Island International Airport,EFL,38.1195493,20.5049424
Chambéry,Chambéry-Savoie Airport,CMF,45.6380195,5.8839137
Chandigarh,Chandigarh International Airport,IXC,30.6677661,76.7862287
Changchun,Changchun Longjia International Airport,CGQ,43.995219,125.697045
Changsha,Changsha Huanghua International Airport,CSX,28.1966667,113.2208333
Changzhou,Changzhou Benniu Airport,CZX,31.912048,119.783935
Chania,Chania International Airport,CHQ,35.5398097,24.1404043
Charleston,Charleston International Airport,CHS,32.8942676,-80.038159
Charlotte,Charlotte/Douglas International Airport,CLT,35.2144026,-80.9473146
Cheboksary,Cheboksary Airport,CSY,56.0827338,47.3202005
Chelyabinsk,Chelyabinsk Airport,CEK,55.3044113,61.503711
Chengdu,Chengdu Shuangliu International Airport,CTU,30.567456,103.9492936
Chennai,Chennai International Airport,MAA,12.994112,80.1708668
Cheongju,Cheongju International Airport,CJJ,36.7219769,127.495889
Cherepovets,Cherepovets Airport,CEE,59.2803719,38.0167984
Chernivtsi,Chernivtsi International Airport,CWC,48.266855,25.967217
Chiang Mai,Chiang Mai International Airport,CNX,18.767749,98.9640088
Chiang Rai (city),Mae Fah Luang International Airport,CEI,19.95437,99.8790137
Chicago,Chicago Midway International Airport,MDW,41.7867759,-87.7521884
Chicago,O'Hare International Airport,ORD,41.9741625,-87.9073214
Chihuahua City,Roberto Fierro Villalobos International Airport,CUU,28.7040064,-105.96896
Chios,Chios Island National Airport,JKH,38.3453933,26.1425366
Chita,Kadala Airport,HTA,52.0218937,113.307066
Chitral,Chitral Airport,CJL,35.886111,71.799722
Chittagong,Shah Amanat International Airport,CGP,22.2456982,91.8146787
Chişinău,Chişinău International Airport,KIV,46.935168,28.935516
Chlef,Chlef International Airport,CFK,36.2174437,1.3247069
Chongqing,Chongqing Jiangbei International Airport,CKG,29.7191667,106.6416667
Christ Church,Grantley Adams International Airport,BGI,13.0765848,-59.4877921
Christchurch,Christchurch International Airport,CHC,-43.4863981,172.5368705
Christmas Island,Christmas Island Airport,XCH,-10.4514206,105.6883944
Chub Cay,Chub Cay International Airport,CCZ,25.4186961,-77.8850221
Chuuk State,Chuuk International Airport,TKK,7.4622469,151.8433251
Châlons-en-Champagne,Châlons Vatry Airport,XCR,48.7807544,4.1892772
Cienfuegos,Jaime González Airport,CFG,22.15,-80.413887
Cincinnati,Cincinnati/Northern Kentucky International Airport,CVG,39.0532746,-84.6630165
Ciudad del Carmen,Ciudad del Carmen International Airport,CME,18.6510592,-91.802435
Ciudad del Este,Guaraní International Airport,AGT,-25.4555,-54.843592
Cleveland,Cleveland Hopkins International Airport,CLE,41.4057985,-81.8538669
Cluj-Napoca,Cluj-Napoca International Airport,CLJ,46.7825068,23.6880245
Cochin,Cochin International Airport,COK,10.1517834,76.392958
Cocos (Keeling) Islands,Cocos (Keeling) Islands Airport,CCK,-12.1909606,96.83309
Coimbatore,Coimbatore International Airport,CJB,11.0304324,77.0390928
Cologne,Cologne/Bonn Airport,CGN,50.8707168,7.1407344
Colombo,Bandaranaike International Airport,CMB,7.1801552,79.8842521
Columbus,John Glenn Columbus International Airport,CMH,39.9999399,-82.8871767
Columbus,Rickenbacker International Airport,LCK,39.8141114,-82.929967
Conakry,Conakry International Airport,CKY,9.5758691,-13.6145672
Concepción,Carriel Sur International Airport,CCP,-36.7772493,-73.0599903
Constantine,Mohamed Boudiaf Airport,CZL,36.2834707,6.622142
Constanța,Mihail Kogălniceanu International Airport,CND,44.3501279,28.4818157
Cook Islands,Rarotonga Airport,RAR,-21.2024306,-159.8068774
Copenhagen,Copenhagen Airport,CPH,55.6180236,12.6507628
Corfu,Ioannis Kapodistrias Airport,CFU,39.6083865,19.9128115
Cork (city),Cork Airport,ORK,51.8490591,-8.4898845
Corn Island,Corn Island Airport,RNI,12.1721428,-83.0595427
Cotonou,Cadjehoun Airport,COO,6.354854,2.3827198
County Kerry,Kerry Airport,KIR,52.181386,-9.5372189
Cozumel,Cozumel International Airport,CZM,20.5148749,-86.9272237
Cuenca,Mariscal Lamar International Airport,CUE,-2.889444,-78.984444
Cuiabá,Marechal Rondon International Airport,CGB,-15.6530786,-56.1172687
Culiacán,Federal de Bachigualato International Airport,CUL,24.763023,-107.476688
Cuneo,Cuneo Levaldigi Airport,CUF,44.548312,7.623853
Curitiba,Afonso Pena International Airport,CWB,-25.5327132,-49.1724811
Cusco,Alejandro Velasco Astete International Airport,CUZ,-13.5376364,-71.9436143
Córdoba,Ingeniero Ambrosio L.V. Taravella International Airport,COR,-31.3154367,-64.2123198
Cúcuta,Camilo Daza International Airport,CUC,7.9271798,-72.5081768
Da Nang,Da Nang International Airport,DAD,16.0563348,108.2025533
Daegu,Daegu Airport,TAE,35.8994871,128.6383866
Dakar,Léopold Sédar Senghor International Airport,DKR,14.7442078,-17.4914579
Dakhla,Dakhla Airport,VIL,23.7137404,-15.9282536
Dalaman,Dalaman Airport,DLM,36.7181305,28.7933172
Dalian,Dalian Zhoushuizi International Airport,DLC,38.9655556,121.5383333
Dallas,Dallas/Fort Worth International Airport,DFW,32.8998091,-97.0403352
Damascus,Damascus International Airport,DAM,33.4112976,36.5128312
Dammam,King Fahd International Airport,DMM,26.4683247,49.7972482
Dandong,Dandong Langtou Airport,DDG,40.02575,124.2869167
Dar es Salaam,Julius Nyerere International Airport,DAR,-6.8725389,39.2069164
Darwin,Darwin International Airport,DRW,-12.4112158,130.877545
Davao City,Francisco Bangoy International Airport,DVO,7.1303577,125.64544
David,Enrique Malek International Airport,DAV,8.3916525,-82.4314777
Dayton,Dayton International Airport,DAY,39.9025242,-84.2217719
Debrecen,Debrecen International Airport,DEB,47.4897469,21.61219
Delhi,Indira Gandhi International Airport,DEL,28.5561624,77.0999578
Denpasar,Ngurah Rai International Airport,DPS,-8.7467172,115.166787
Denver,Denver International Airport,DEN,39.8560963,-104.6737376
Dera Ghazi Khan,Dera Ghazi Khan International Airport,DEA,29.9603154,70.4895985
Dera Ismail Khan,Dera Ismail Khan Airport,DSK,31.9110703,70.8878023
Derry,City of Derry Airport,LDY,55.0395406,-7.1558024
Des Moines (IA),Des Moines International Airport,DSM,41.5341333,-93.6587958
Detroit,Detroit Metropolitan Wayne County Airport,DTW,42.2161722,-83.3553842
Dhaka,Hazrat Shahjalal International Airport,DAC,23.8434344,90.4029252
Dholera,Dholera International Airport,DHR,23.0734262,72.626571
Dili,Presidente Nicolau Lobato International Airport,DIL,-8.5495599,125.5248698
Dinard,Pleurtuit Airport,DNR,48.5875695,-2.0808312
Dire Dawa,Aba Tenna Dejazmach Yilma International Airport,DIR,null,
Djerba,Zarzis Airport,DJE,33.8705912,10.775073
Djibouti City,Djibouti–Ambouli International Airport,JIB,11.5494711,43.1541276
Dnipro,Dnipropetrovsk International Airport,DNK,48.3679197,35.0942491
Doha,Hamad International Airport,DOH,25.2608759,51.6138417
Doncaster,Robin Hood Airport Doncaster Sheffield,DSA,53.480911,-1.0077734
Donetsk,Donetsk Airport,DOK,48.0792467,37.7284391
Dortmund,Dortmund Airport,DTM,51.517397,7.6122627
Douala,Douala Airport,DLA,4.0134386,9.7170073
Dubai,Al-Maktoum International Airport,DWC,24.8977876,55.1431018
Dubai,Dubai International Airport,DXB,25.2531745,55.3656728
Dublin,Dublin Airport,DUB,53.4264481,-6.2499098
Dubrovnik,Dubrovnik Airport,DBV,42.5602173,18.2621926
Dunedin,Dunedin International Airport,DUD,-45.9258615,170.2021681
Dunhuang,Dunhuang Airport,DNH,40.166117,94.805049
Durango,General Guadalupe Victoria International Airport,DGO,24.1260028,-104.5338993
Durban,King Shaka International Airport,DUR,-29.6099786,31.1168871
Dushanbe,Dushanbe Airport,DYU,38.5486429,68.8154959
Dzaoudzi,Dzaoudzi–Pamandzi International Airport,DZA,-12.8028587,45.2824597
Düsseldorf,Düsseldorf Airport,DUS,51.2876146,6.7667912
Easter Island,Mataveri International Airport,IPC,-27.158723,-109.4300364
Edinburgh,Edinburgh Airport,EDI,55.950785,-3.3614532
Edmonton,Edmonton International Airport,YEG,53.3076676,-113.5839712
Eilat,Ovda International Airport,VDA,29.952075,34.934344
Eilat,Ramon Airport,ETM,29.7209003,35.008504
Eindhoven,Eindhoven Airport,EIN,51.4583781,5.3920917
El Aaiún,Hassan I Airport,EUN,27.1509575,-13.2216147
El Arish,El Arish International Airport,AAC,31.0780916,33.8360741
El Dabaa,Al Alamain International Airport,DBB,30.9308501,28.4629055
Eldoret,Eldoret International Airport,EDL,0.404862,35.2238796
Elista,Elista Airport,ESL,46.3738973,44.3310124
Enfidha,Enfidha-Hammamet International Airport,NBE,36.0831048,10.4387347
Entebbe,Entebbe International Airport,EBB,0.0435913,32.4417943
Enugu,Akanu Ibiam International Airport,ENU,6.4719175,7.5677304
Esmeraldas,Carlos Concha Torres International Airport,ESM,0.973982,-79.6248053
Exeter,Exeter International Airport,EXT,50.7343848,-3.4177582
Exuma,Exuma International Airport,GGT,23.5636217,-75.8738254
Fairbanks,Fairbanks International Airport,FAI,64.8164163,-147.8635168
Faisalabad,Faisalabad International Airport,LYP,31.363043,72.98757
Faro,Faro Airport,FAO,37.0175956,-7.96972
Fes,Fes-Saïss Airport,FEZ,33.9288242,-4.979357
Figari,Figari Sud-Corse Airport,FSC,41.5023348,9.098381
Florence,Peretola Airport,FLR,43.8086534,11.2012247
Flores,Mundo Maya International Airport,FRS,16.9146601,-89.8772182
Florianópolis,Hercílio Luz International Airport,FLN,-27.670118,-48.5459657
Fort Lauderdale,Fort Lauderdale-Hollywood International Airport,FLL,26.0742344,-80.1506022
Fort Myers,Southwest Florida International Airport,RSW,26.5337051,-81.7553083
Fort-de-France,Martinique Aimé Césaire International Airport,FDF,14.5957466,-61.0001233
Fortaleza,Pinto Martins International Airport,FOR,-3.7771555,-38.5330966
Foz do Iguaçu,Cataratas International Airport,IGU,-25.7317776,-54.476181
Franceville,M'Vengue El Hadj Omar Bongo Ondimba International Airport,MVB,null,
Francistown,Francistown Airport,FRW,-21.160556,27.481944
Frankfurt,Frankfurt Airport,FRA,50.0379326,8.5621518
Frankfurt,Frankfurt-Hahn Airport,HHN,49.9429026,7.2629529
Freeport,Grand Bahama International Airport,FPO,26.5481476,-78.6962699
Freetown,Lungi International Airport,FNA,8.6154128,-13.2005981
Freiburg im Breisgau,EuroAirport Basel–Mulhouse–Freiburg,MLH/BSL/EAP,47.5981804,7.5254958
Fresno,Fresno Yosemite International Airport,FAT,36.7758493,-119.7181083
Friedrichshafen,Friedrichshafen Airport,FDH,47.6722451,9.5121906
Fuerteventura,Fuerteventura Airport,FUE,28.452384,-13.866851
Fukuoka,Fukuoka Airport,FUK,33.5903145,130.4467091
Funafuti,Funafuti International Airport,FUN,-8.5189913,179.2001745
Funchal,Madeira Airport,FNC,32.6957983,-16.7758737
Futuna Island,Pointe Vele Airport,FUT,null,
Fuzhou,Fuzhou Changle International Airport,FOC,25.9306382,119.6701958
Gaborone,Sir Seretse Khama International Airport,GBE,-24.555833,25.918889
Galkayo,Abdullahi Yusuf Airport,GBY,6.7808942,47.4542491
Gander,Gander International Airport,YQX,48.946558,-54.5756957
Ganja,Ganja International Airport,KVD,40.7394875,46.2997587
Garoowe,Garowe Airport,GGR,8.455416,48.5704517
Gaya,Gaya International Airport,GAY,24.748822,84.9437322
Gaziantep,Oğuzeli Airport,GZT,36.9471212,37.4740402
Gdańsk,Gdańsk Lech Wałęsa Airport,GDN,54.3788433,18.468075
General Santos,General Santos International Airport,GES,6.0575322,125.0997482
Geneva,Geneva International Airport,GVA,46.2370097,6.1091564
Genoa,Cristoforo Colombo Airport,GOA,44.4126007,8.8463754
Georgetown,Cheddi Jagan International Airport,GEO,6.5035313,-58.252611
Georgetown,Owen Roberts International Airport,GCM,19.2931436,-81.3585033
Gibraltar,North Front Airport,GIB,36.153862,-5.3464064
Gilgit,Gilgit Airport,GIL,35.9193664,74.3320451
Girona,Girona-Costa Brava Airport,GRO,41.9027295,2.7629694
Glasgow,Glasgow International Airport,GLA,55.8690744,-4.4350529
Glasgow,Glasgow Prestwick Airport,PIK,55.5090453,-4.6110967
Goa,Goa International Airport,GOI,15.3803485,73.8349952
Goa,Mopa Airport,MGI,15.3803485,73.8349952
Goiânia,Santa Genoveva Airport,GYN,-16.6323026,-49.2163451
Gold Coast,Gold Coast Airport,OOL,-28.1656448,153.509074
Goma,Goma International Airport,GOM,-1.6630866,29.2376757
Gomel,Gomel Airport,GME,52.5256835,31.0153041
Gothenburg City Airport,GSE,Reliever,29.9952423,-95.3827181
Gran Canaria,Gran Canaria Airport,LPA,27.9331848,-15.3877066
Granada,Granada Airport,GRX,37.1877459,-3.777957
Graz,Graz Airport,GRZ,46.9940455,15.4401315
Green Bay,Green Bay–Austin Straubel International Airport,GRB,44.4926999,-88.1271783
Grenada,Maurice Bishop International Airport,GND,12.0071108,-61.7860401
Grenoble,Grenoble-Isère Airport,GNB,45.3621752,5.3302444
Grodno,Hrodna Airport,GNA,53.6043565,24.0460114
Groningen (city),Groningen Airport Eelde,GRQ,53.1232821,6.5815938
Grozny,Grozny Airport,GRV,43.3847509,45.6998447
Guadalajara,Don Miguel Hidalgo y Costilla International Airport,GDL,20.5259561,-103.307625
Guangzhou,Guangzhou Baiyun International Airport,CAN,23.3959079,113.3079699
Guatemala City,La Aurora International Airport,GUA,14.5840977,-90.5276868
Guayaquil,José Joaquín de Olmedo International Airport,GYE,-2.1480534,-79.8841984
Guernsey,Guernsey Airport,GCI,49.434081,-2.5994887
Guilin,Guilin Liangjiang International Airport,KWL,25.2158795,110.0470653
Guiyang,Guiyang Longdongbao Airport,KWE,26.540692,106.800209
Guwahati,Lokpriya Gopinath Bordoloi International Airport,GAU,26.1064727,91.5860468
Gwadar,Gwadar International Airport,GWD,25.2318506,62.3293166
Gyumri,Shirak Airport,LWN,40.7511098,43.8542699
Győr-Pér,Győr-Pér International Airport,QGY,47.623347,17.80446
Göteborg Landvetter Airport,GOT,Medium,36.510545,-94.483246
Hagåtña,Antonio B. Won Pat International Airport,GUM,13.4852976,144.8008119
Hai District,Kilimanjaro International Airport,JRO,-3.4245248,37.0650801
Haifa,Haifa Airport,HFA,32.811534,35.0403303
Haikou,Haikou Meilan International Airport,HAK,19.9385399,110.462132
Haiphong,Cat Bi International Airport,HPH,20.8213833,106.7262401
Hakodate,Hakodate Airport,HKD,41.7757043,140.8158222
Halifax,Halifax Stanfield International Airport,YHZ,44.8859455,-63.5094457
Hambantota,Mattala Rajapaksa International Airport,HRi,6.2929635,81.1239019
Hamburg,Hamburg Airport,HAM,53.633622,9.9974128
Hamilton,John C. Munro Hamilton International Airport,YHM,43.1685644,-79.9288234
Hanga Roa,Mataveri International Airport,IPC,-27.158723,-109.4300364
Hangzhou,Hangzhou Xiaoshan International Airport,HGH,30.2359486,120.4388907
Hanoi,Noi Bai International Airport,HAN,21.2187149,105.8041709
Hanover,Langenhagen Airport,HAJ,52.4618486,9.6889919
Harare,Robert Gabriel Mugabe International Airport,HRE,-17.918784,31.0972791
Harbin,Harbin Taiping International Airport,HRB,45.622442,126.2433815
Hargeisa,Hargeisa Airport,HGA,9.5179999,44.0836605
Hartford,Bradley International Airport,BDL,41.9388735,-72.6860314
Hassi Messaoud,Oued Irara Airport,HME,31.673889,6.140556
Hat Yai,Hat Yai International Airport,HDY,6.9362161,100.3937206
Haugesund,Haugesund Airport,HAU,59.3444873,5.2165703
Havana,José Martí International Airport,HAV,22.9915431,-82.410078
Hefei,Hefei Xinqiao International Airport,HFE,31.986901,116.969211
Helsinki,Helsinki-Vantaa Airport,HEL,60.3210416,24.9528604
Heraklion,Heraklion International Airport,HER,35.3395798,25.1747483
Herat,Herat International Airport,HEA,34.212696,62.22599
Hermosillo,Hermosillo International Airport,HMO,29.0935225,-111.0534923
Hilo,Hilo International Airport,ITO,19.7188342,-155.0416866
Hiroshima,Hiroshima Airport,HIJ,34.4395604,132.9183759
Ho Chi Minh City,Tan Son Nhat International Airport,SGN,10.8184631,106.6588245
Hobart,Hobart International Airport,HBA,-42.836354,147.5074608
Holguín,Frank País Airport,HOG,20.785278,-76.315
Hong Kong,Hong Kong International Airport,HKG,22.308047,113.9184808
Honiara,Honiara International Airport,HIR,-9.4275249,160.0457902
Honolulu,Daniel K. Inouye International Airport,HNL,21.3245132,-157.9250736
Houston,George Bush Intercontinental Airport,IAH,29.9902199,-95.3367827
Houston,William P. Hobby Airport,HOU,29.6453103,-95.2773601
Huatulco,Bahías de Huatulco International Airport,HUX,15.7722607,-96.2583569
Huesca,Huesca-Pirineos Airport,HSK,42.0824287,-0.3226643
Huizhou,Huizhou Pingtan Airport,HUZ,23.041701,114.574242
Hulhulé Island,Velana International Airport,MLE,4.1887827,73.5285805
Huntsville,Huntsville International Airport,HSV,34.6403329,-86.7756899
Hurghada,Hurghada International Airport,HRG,27.180494,33.807566
Huế,Phu Bai International Airport,HUI,16.3977829,107.7006989
Hyderabad,Rajiv Gandhi International Airport,HYD,17.2402633,78.4293851
Hévíz,Hévíz-Balaton Airport,SOB,46.6838773,17.1582078
Iași,Iași International Airport,IAS,47.1771449,27.6173117
Ibiza,Ibiza Airport,IBZ,38.8748594,1.3712232
Iloilo City,Iloilo International Airport,ILO,10.8315005,122.4962073
Ilulissat,Ilulissat Airport,JAV,69.2434425,-51.0566765
Imphal,Imphal International Airport,IMF,24.7540604,93.894017
Incheon,Incheon International Airport,ICN,37.4601908,126.4406957
Indianapolis,Indianapolis International Airport,IND,39.7168593,-86.2955952
Indore,Devi Ahilya Bai Holkar International Airport,IDR,null,
Inhambane,Inhambane Airport,INH,-23.8768188,35.4050891
Innsbruck,Innsbruck Airport,INN,47.2576489,11.3513075
Inverness,Inverness Airport,INV,28.7991509,-82.3166353
Ipoh,Sultan Azlan Shah Airport,IPH,4.5693511,101.0938849
Irkutsk,Irkutsk Airport,IKT,52.2685014,104.3833366
Isfahan,Isfahan International Airport,IFN,32.7462513,51.8763907
Islamabad,Gandhara International Airport,ISB,33.555505,72.8338234
Isle of Man,Isle of Man Airport,IOM,54.0865957,-4.6339398
Istanbul,Atatürk International Airport,IST,40.9829888,28.8104425
Istanbul,Sabiha Gökçen International Airport,SAW,40.905371,29.3168603
Ivano-Frankivsk,Ivano-Frankivsk International Airport,IFO,48.8875752,24.7068828
Ixtapa,Ixtapa-Zihuatanejo International Airport,ZIH,17.6045014,-101.4635458
Jacksonville,Jacksonville International Airport,JAX,30.4940713,-81.6879368
Jaipur,Jaipur International Airport,JAI,26.8289443,75.8056178
Jakarta,Halim Perdanakusuma International Airport,HLP,-6.2653836,106.8846821
Jakarta,Soekarno Hatta International Airport,CGK,-6.1275282,106.6537058
Jayapura,Sentani Airport,DJJ,-2.5748985,140.5149772
Jeddah,King Abdulaziz International Airport,JED,21.687963,39.143631
Jeju City,Jeju International Airport,CJU,33.5104135,126.4913534
Jerez de la Frontera,Jerez Airport,XRY,36.7452935,-6.0608778
Jersey,Jersey Airport,JER,49.2074637,-2.1952207
Jieyang,Jieyang Chaoshan International Airport,SWA,23.547085,116.514411
Jijel,Jijel Ferhat Abbas Airport,GJL,36.7933931,5.8777753
Jinan,Jinan Yaoqiang International Airport,TNA,36.8572006,117.2160034
Johannesburg,Lanseria International Airport,HLA,-25.937751,27.926416
Johannesburg,OR Tambo International Airport,JNB,-26.1366728,28.2411459
Johor Bahru,Senai International Airport,JHB,1.6382228,103.6691059
João Pessoa,Presidente Castro Pinto International Airport,JPA,-7.1460091,-34.9487764
Juba,Juba International Airport,JUB,4.8675194,31.6026841
Juneau,Juneau International Airport,JNU,58.3579806,-134.5831791
Kabul,Hamid Karzai International Airport,KBL,34.5649342,69.2126775
Kagoshima,Kagoshima Airport,KOJ,31.8028526,130.7180234
Kailua,Kona International Airport,KOA,19.736916,-156.0429246
Kalamata,Kalamata International Airport,KLX,37.0548554,22.0341194
Kalibo,Kalibo International Airport,KLO,11.6859324,122.3808504
Kaliningrad,Khrabrovo Airport,KGD,54.8874302,20.5877703
Kandahar,Kandahar International Airport,KDH,31.5022998,65.8507244
Kangerlussuaq,Kangerlussuaq Airport,SFJ,67.0192112,-50.6946193
Kannur,Kannur International Airport,CNN,11.9142335,75.5486407
Kano,Mallam Aminu Kano International Airport,KAN,12.0456496,8.5220753
Kanpur,Captain Lakshmi Sehgal International Airport,KPR,null,
Kansas City,Kansas City International Airport,MCI,39.2991181,-94.7107786
Kaohsiung,Kaohsiung International Airport,KHH,22.574629,120.3448068
Karachi,Jinnah International Airport,KHI,24.9007815,67.1681027
Karaganda,Karaganda Airport,KGF,49.670833,73.3344441
Karlovy Vary,Karlovy Vary Airport,KLV,50.2029424,12.9147646
Karpathos,Karpathos Island National Airport,AOK,35.4204316,27.1469226
Kasane,Kasane Airport,BBK,-17.8306004,25.1637186
Kathmandu,Tribhuvan International Airport,KTM,27.6980899,85.3592231
Katowice,Katowice International Airport,KTW,50.4728015,19.0758814
Kaunas,Kaunas Airport,KUN,54.9670001,24.0735751
Kavala,Kavala International Airport,KVA,40.921427,24.622547
Kayseri,Erkilet Airport,ASR,38.7724111,35.4932051
Kazan,Kazan Airport,KZN,55.6085937,49.2984487
Kendari,Haluoleo Airport,KDI,-4.0772348,122.4172811
Ketchikan,Ketchikan International Airport,KTN,55.3554106,-131.7105604
Key West,Key West International Airport,EYW,24.5536707,-81.7549737
Khabarovsk,Khabarovsk Novy Airport,KHV,48.5242969,135.1689898
Kharkiv,Kharkiv International Airport,HRK,49.92183,36.279988
Khartoum,Khartoum International Airport,KRT,15.5927666,32.5522355
Khujand,Khujand Airport,LBD,40.2192448,69.6981749
Kiev,Boryspil International Airport,KBP,50.338222,30.8939274
Kiev,serving Kiev),GML,50.4501,30.5234
Kiev,Kyiv Zhuliany International Airport,IEV,50.4119806,30.4432924
Kigali,Kigali International Airport,KGL,-1.9630791,30.1350038
Kingston,Norman Manley International Airport,KIN,17.9374786,-76.7794866
Kingstown,Argyle International Airport,SVD,13.1636623,-61.151015
Kinshasa,N'djili Airport,FIH,-4.3893521,15.4464454
Kiritimati,Cassidy International Airport,CXI,1.9861111,-157.3497222
Kisangani,Bangoka International Airport,FKI,0.486974,25.3326504
Kish Island,Kish Airport,KIH,26.5319911,53.9716515
Kismayo,Kismayo Airport,KMU,-0.3782816,42.4614739
Kisumu,Kisumu International Airport,KIS,-0.0882942,34.7257446
Kitakyushu,New Kitakyushu Airport,KKJ,33.8381101,131.0321048
Kittilä,Kittilä Airport,KTT,67.6949862,24.85068
Klagenfurt,Klagenfurt Airport,KLU,46.6500125,14.3248578
Knock,Ireland West Airport Knock,NOC,53.9137941,-8.81122
Ko Samui,Samui Airport,USM,9.5484366,100.0630279
Kohat,Kohat Airport,OHT,33.5751722,71.4366889
Kolkata,Netaji Subhash Chandra Bose International Airport,CCU,22.6520429,88.4463299
Komatsu,Komatsu Airport,KMQ,36.3946153,136.4077305
Komsomolsk-on-Amur,Komsomolsk-on-Amur Airport,KXK,50.4033931,136.9290169
Konya,Konya Airport,KYA,37.9787424,32.5605218
Koror,Roman Tmetuchl International Airport,ROR,7.364302,134.5329127
Kos,Kos Island International Airport,KGS,36.8005927,27.0880549
Kosrae,Kosrae International Airport,KSA,5.3529742,162.9562626
Kostanay,Kostanay Airport,KSN,53.2206583,63.5538251
Kota Bharu,Sultan Ismail Petra Airport,KBR,6.1697722,102.2931816
Kota Kinabalu,Kota Kinabalu International Airport,BKI,5.923076,116.051017
Kottayam,Sabarigiri International Airport,SIA,null,
Kozhikode,Calicut International Airport,CCJ,11.1397768,75.9508038
Košice,Košice International Airport,KSC,48.672906,21.237443
Krabi,Krabi International Airport,KBV,8.0992802,98.9831948
Kraków,John Paul II International Airport Kraków-Balice,KRK,50.0769776,19.7881188
Kralendijk,Flamingo International Airport,BON,12.133385,-68.276878
Krasnodar,Pashkovsky Airport,KRR,45.0334822,39.1392925
Krasnoyarsk,Yemelyanovo International Airport,KJA,56.1767877,92.4813965
Kristiansand Airport,Kjevik,KRS,58.2047774,8.0792371
Kristiansund Airport,Kvernberget,KSU,63.1138028,7.8258436
Kryvyi Rih,Kryvyi Rih International Airport,KWG,48.0463072,33.2145882
Kuala Lumpur,Kuala Lumpur International Airport,KUL,2.7455962,101.7071602
Kuching,Kuching International Airport,KCH,1.4870324,110.3416063
Kunming,Kunming Changshui International Airport,KMG,25.084296,102.921983
Kuopio,Kuopio Airport,KUO,63.0065284,27.7971972
Kupang,El Tari Airport,KOE,-10.1688969,123.667895
Kursk,Kursk Vostochny Airport,URS,51.7494193,36.2825398
Kutaisi,Kutaisi International Airport,KUT,42.1820693,42.465602
Kuusamo,Kuusamo Airport,KAO,65.9874575,29.24165
Kuwait City,Kuwait International Airport,KWI,29.2404414,47.9710458
Kwajalein,Bucholz Army Airfield,KWA,8.720727,167.73138
Kütahya,Zafer Airport,KZR,39.1131463,30.1282883
La Ceiba,Golosón International Airport,LCE,15.7451593,-86.8514286
La Palma,La Palma Airport,SPC,28.622356,-17.7548144
La Paz,El Alto International Airport,LPB,-16.5102483,-68.188295
La Romana,La Romana International Airport,LRM,18.4484458,-68.9118337
Lagos,Murtala Mohammed International Airport,LOS,6.5818185,3.3211348
Lahore,Allama Iqbal International Airport,LHE,31.5205412,74.4105177
Lakeland,Lakeland Linder International Airport,LAL,27.9945173,-82.0143138
Lamezia Terme,Lamezia Terme Airport,SUF,38.9062641,16.2453924
Langkawi,Langkawi International Airport,LGK,6.34206,99.731519
Lankaran District,Lankaran International Airport,LLK,38.7528669,48.8475015
Lansing,Capital Region International Airport,LAN,42.7750378,-84.5894539
Lanzarote,Lanzarote Airport,ACE,28.950438,-13.6057769
Lanzhou,Lanzhou Zhongchuan International Airport,LHW,36.515,103.62
Laoag,Laoag International Airport,LAO,18.1821053,120.5317806
Lappeenranta,Lappeenranta Airport,LPP,61.0440087,28.1563403
Lapu-Lapu,Mactan–Cebu International Airport,CEB,10.3106556,123.9802214
Larnaca,Larnaca International Airport,LCA,34.8723402,33.6203516
Las Vegas,McCarran International Airport,LAS,36.0839998,-115.1537389
Latakia,Bassel Al-Assad International Airport,LTK,35.4072698,35.944217
Leeds,Leeds Bradford International Airport,LBA,53.8679434,-1.6615306
Leipzig,Leipzig/Halle Airport,LEJ,51.4220814,12.2203805
Leticia,Alfredo Vásquez Cobo International Airport,LET,-4.1911407,-69.9414123
León,Del Bajío International Airport,BJX,20.993517,-101.4805699
Lhasa (prefecture-level city),Lhasa Gonggar Airport,LXA,41.9741625,-87.9073214
Liberia,Daniel Oduber Quirós International Airport,LIR,10.5943664,-85.5441512
Libreville,Libreville International Airport,LBV,0.4593053,9.4103315
Lille,Lille Lesquin Airport,LIL,50.57178,3.106087
Lilongwe,Lilongwe International Airport,LLW,-13.783333,33.7775
Lima,Jorge Chávez International Airport,LIM,-12.0240527,-77.112036
Limoges,Bellegarde Airport,LIG,45.8619213,1.1766345
Linz,Linz Airport,LNZ,48.2396167,14.1916725
Lisbon,Humberto Delgado Airport,LIS,38.7755936,-9.1353667
Liuzhou,Liuzhou Bailian Airport,LZH,24.2031353,109.404026
Liverpool,Liverpool John Lennon Airport,LPL,53.3358627,-2.8550475
Livingstone,Harry Mwanga Nkumbula International Airport,LVI,-17.8252519,25.8192172
Liège,Liège Airport,LGG,50.6411593,5.4479116
Ljubljana,Ljubljana Jože Pučnik Airport,LJU,46.2259433,14.4559143
Lleida,Alguaire Airport,ILD,41.7284702,0.5434913
Lomé,Tokoin Airport,LFW,6.1705463,1.2530654
London,Gatwick Airport,LGW,51.1536621,-0.1820629
London,Heathrow Airport,LHR,51.4700223,-0.4542955
London,London City Airport,LCY,51.5048437,0.049518
London,London International Airport,YXU,43.0285506,-81.1498643
London,Southend Airport,SEN,51.5700337,0.6939053
London,Stansted Airport,STN,51.8860181,0.2388661
London,Luton Airport,LTN,51.8762646,-0.3717471
Loreto,Loreto International Airport,LTO,25.9926501,-111.3529565
Los Angeles,Los Angeles International Airport,LAX,33.9415889,-118.40853
Los Cabos Municipality,Los Cabos International Airport,SJD,23.1455358,-109.7182665
Louisville,Louisville International Airport,SDF,38.175662,-85.7369231
Luanda,Quatro de Fevereiro Airport,LAD,-8.847951,13.234862
Luang Prabang,Luang Prabang International Airport,LPQ,19.9010278,102.1684165
Lubango,Lubango Airport,SSD,-14.92829,13.56812
Lublin,Lublin Airport,LUZ,51.2358101,22.7150664
Lubumbashi,Lubumbashi International Airport,FBM,-11.591111,27.530833
Lucknow,Chaudhary Charan Singh International Airport,LKO,26.7617317,80.885655
Luganville,Santo-Pekoa International Airport,SON,-15.5054118,167.219678
Luhansk,Luhansk International Airport,VSG,48.574041,39.307815
Luleå,Luleå Airport,LLA,65.5425485,22.1218554
Luoyang,Luoyang Beijiao Airport,LYA,34.736,112.392302
Lusaka,Kenneth Kaunda International Airport,LUN,-15.330904,28.454345
Luxembourg City,Findel Airport,LUX,49.6289002,6.2147446
Luxor,Luxor International Airport,LXR,25.6738827,32.7014938
Lviv,Lviv Danylo Halytskyi International Airport,LWO,49.8134431,23.9595504
Lyon,Saint-Exupéry Airport,LYS,45.7234181,5.0887768
Lübeck,Lübeck Airport,LBC,53.805231,10.701552
Maastricht,Maastricht-Aachen Airport,MST,50.9123251,5.7694684
Macau,Macau International Airport,MFM,22.1578359,113.5764123
Maceió,Zumbi dos Palmares International Airport,MCZ,-9.5113867,-35.7935396
Machala,Santa Rosa International Airport,ETR,38.5101522,-122.8057729
Madrid,Madrid-Barajas Airport,MAD,40.4983322,-3.5675982
Madurai,Madurai International Airport,IXM,9.8384313,78.0894551
Magadan,Sokol Airport,GDX,59.9144075,150.7311154
Magnitogorsk,Magnitogorsk International Airport,MQF,53.3908367,58.7615435
Mahajanga,Amborovy Airport,MJN,-15.666389,46.350833
Majuro,Marshall Islands International Airport,MAJ,7.0690279,171.2828766
Makassar,Hasanuddin International Airport,UPG,-5.077747,119.5494844
Makhachkala,Uytash Airport,MCX,42.8210634,47.6555435
Malabo,Malabo International Airport,SSG,3.7569555,8.7109549
Malatya,Erhaç Airport,MLX,38.4394974,38.1046629
Malmö,Malmö Airport,MMX,55.5355336,13.372383
Manado,Sam Ratulangi International Airport,MDC,1.5490188,124.9255138
Managua,Augusto C. Sandino International Airport,MGA,12.1446517,-86.1713168
Manama,Bahrain International Airport,BAH,26.2697119,50.6259871
Manaus,Eduardo Gomes International Airport,MAO,-3.0358474,-60.0463249
Manchester,Manchester Airport,MAN,42.929687,-71.4352177
Mandalay,Mandalay International Airport,MDL,21.7056493,95.9708313
Mangalore,Mangalore International Airport,IXE,12.9541731,74.8858011
Manila,Ninoy Aquino International Airport,MNL,14.5122739,121.016508
Manta,Eloy Alfaro International Airport,MEC,-0.9529062,-80.684155
Manzanillo Municipality,Playa de Oro International Airport,ZLO,19.1481356,-104.559687
Manzini,King Mswati III International Airport,SHO,-26.3578341,31.7209706
Maputo,Maputo International Airport,MPM,-25.9237188,32.5748669
Maracaibo,La Chinita International Airport,MAR,10.5577267,-71.7280626
Maribor,Maribor Edvard Rusjan Airport,MBX,46.4789439,15.6838198
Marrakech,Marrakech-Menara Airport,RAK,31.6047881,-8.0210505
Marsa Alam,Marsa Alam International Airport,RMF,25.5550518,34.5907958
Marseille,Provence Airport,MRS,43.4384235,5.214414
Marsh Harbour,Marsh Harbour International Airport,MHH,26.5107979,-77.0852882
Mary,Mary International Airport,MYP,37.6066667,61.9013889
Maseru,Moshoeshoe I International Airport,MSU,-29.4554631,27.559059
Mashhad,Mashhad International Airport,MHD,36.2279573,59.6413981
Mataram (city),Lombok International Airport,LOP,-8.7618462,116.2739486
Maun,Maun Airport,MUB,-19.97558,23.42818
Mazar-i-Sharif,Mazar-e Sharif International Airport,MZR,36.70919,67.20849
Mazatlán,General Rafael Buelna International Airport,MZT,23.1670127,-106.270082
Medan,Kuala Namu International Airport,KNO,3.6338254,98.8773017
Medellín,José María Córdova International Airport,MDE,6.1707634,-75.4276201
Medina,Prince Mohammad Bin Abdulaziz International Airport,MED,24.5537422,39.7150786
Melbourne,Melbourne Airport,MEL,28.1012659,-80.645078
Melbourne,Melbourne International Airport,MLB,28.1012659,-80.645078
Memmingen,Memmingen Airport,FMM,47.9871737,10.2341122
Memphis,Memphis International Airport,MEM,35.0420679,-89.9791729
Mendoza,Governor Francisco Gabrielli International Airport,MDZ,-32.8278295,-68.7984969
Menorca,Menorca Airport,MAH,39.8654186,4.2220324
Mersa Matruh,Mersa Matruh Airport,MUH,31.3380786,27.2169724
Mestia,Queen Tamar Airport,UGMS,43.0531277,42.7490034
Mexico City,Mexico City International Airport,MEX,19.4360762,-99.0719083
Miami,Miami International Airport,MIA,25.7958723,-80.2870509
Mianyang,Mianyang Nanjiao Airport,MIG,31.43111,104.73805
Middlesbrough,Durham Tees Valley Airport,MME,54.5110277,-1.4240716
Milan,Linate Airport,LIN,45.452176,9.276308
Milan,Malpensa Airport,MXP,45.6300625,8.7255307
Milwaukee,General Mitchell International Airport,MKE,42.9475534,-87.896646
Mineralnye Vody,Mineralnye Vody Airport,MRV,44.2177688,43.0877252
Minneapolis/Saint Paul,Minneapolis-Saint Paul International Airport,MSP,44.8847554,-93.2222846
Minsk,Minsk International Airport,MSQ,53.889203,28.0342349
Mogadishu,Aden Adde International Airport,MGQ,2.0180401,45.303508
Mombasa,Moi International Airport,MBA,-4.0355,39.597301
Monastir,Habib Bourguiba International Airport,MIR,35.7605861,10.7528334
Moncton,Greater Moncton International Airport,YQM,46.1139551,-64.6788977
Monrovia,Roberts International Airport,ROB,6.241239,-10.352785
Montego Bay,Sangster International Airport,MBJ,18.5022634,-77.9144344
Monterrey,General Mariano Escobedo International Airport,MTY,25.7778185,-100.1079853
Montevideo,Carrasco International Airport,MVD,-34.8368193,-56.0165187
Montreal,Montreal-Pierre Elliott Trudeau International Airport,YUL,45.4656851,-73.7454814
Morelia,General Francisco J. Mujica International Airport,MLM,19.8464645,-101.0281372
Moroni,Prince Said Ibrahim International Airport,HAH,-11.5359274,43.2742098
Moscow,Domodedovo International Airport,DME,55.4103069,37.9024513
Moscow,Sheremetyevo International Airport,SVO,55.9736482,37.412503
Moscow,Vnukovo Airport,VKO,55.599648,37.2712341
Moss Airport,Moss Airport,RYG,59.3783741,10.7841969
Mostar,Mostar International Airport,OMO,43.2830345,17.8436959
Mosul,Mosul International Airport,OSM,36.2958195,43.1482282
Muan,Muan International Airport,MWX,34.9935821,126.3878446
Mudanjiang,Mudanjiang Airport,MDG,44.5241667,129.5688889
Mulhouse,Basel-Mulhouse-Freiburg Airport,BSL,47.5981804,7.5254958
Multan,Multan International Airport,MUX,30.1961594,71.4238183
Mumbai,Chhatrapati Shivaji International Airport,BOM,19.0895595,72.8656144
Munich,Munich Airport,MUC,48.3536621,11.7750279
Murcia,Murcia-San Javier Airport,MJV,37.7786361,-0.8137005
Murmansk,Murmansk Airport,MMK,68.7844963,32.7579283
Muscat,Muscat International Airport,MCT,23.603012,58.2848917
Mykolaiv Oblast,Mykolaiv International Airport,NLV,47.056648,31.918101
Mykonos,Mykonos Island National Airport,JMK,37.433958,25.34605
Myrtle Beach,Myrtle Beach International Airport,MYR,33.6822019,-78.9278943
Mytilene,Mytilene International Airport,MJT,39.0530887,26.603009
Málaga,Málaga Airport,AGP,36.6791135,-4.4945093
Mérida,Manuel Crescencio Rejón International Airport,MID,20.9338424,-89.6604428
N'Djamena,N'Djamena International Airport,NDJ,12.1293763,15.033964
Nadi,Nadi International Airport,NAN,-17.7534652,177.4507196
Nador,Nador International Airport,NDR,34.9938803,-3.0237725
Nagasaki,Nagasaki Airport,NGS,32.913643,129.9184937
Nagoya,Chubu Centrair International Airport,NGO,34.8590935,136.8146005
Nagpur,Dr. Babasaheb Ambedkar International Airport,NAG,21.0908205,79.0548173
Nairobi,Jomo Kenyatta International Airport,NBO,-1.3227102,36.9260693
Nakhchivan (city),Nakhchivan Airport,NAJ,39.1896147,45.4579369
Nalchik,Nalchik Airport,NAL,43.5084324,43.6359707
Namangan,Namangan Airport,NMA,40.9834779,71.5747174
Nampula,Nampula Airport,APL,-15.1036472,39.2810821
Nanchang,Nanchang Changbei International Airport,KHN,28.8574636,115.9106655
Nanjing,Nanjing Lukou International Airport,NKG,31.73359,118.871447
Nanning,Nanning Wuxu International Airport,NNG,22.6096443,108.1716582
Nantes,Nantes Atlantique Airport,NTE,47.1574188,-1.6062316
Nantong,Nantong Xingdong Airport,NTG,32.0708333,120.9755556
Naples,Capodichino Airport,NAP,40.8847493,14.289243
Narsarsuaq,Narsarsuaq Airport,UAK,61.1614002,-45.4178059
Nashville,Nashville International Airport,BNA,36.126317,-86.6773713
Nassau,Lynden Pindling International Airport,NAS,25.0439288,-77.4655212
Natakhtari,Natakhtari Airfield,UGSA,41.9211423,44.718767
Natal,Greater Natal International Airport,NAT,null,
Navi Mumbai,Navi Mumbai International Airport,NMA,19.0895595,72.8656144
Naypyidaw,Naypyidaw International Airport,NYT,19.615016,96.2130173
Ndiass,Blaise Diagne International Airport,DSS,14.6708543,-17.0673475
Ndola,Simon Mwansa Kapwepwe International Airport,NLA,-12.9960715,28.6576535
Nelspruit,Kruger Mpumalanga International Airport,MQP,-25.3867754,31.102092
Nevşehir,Kapadokya Airport,NAV,38.7719688,34.5245521
New Orleans,Louis Armstrong New Orleans International Airport,MSY,29.9922012,-90.2590112
New York City,John F. Kennedy International Airport,JFK,40.6413111,-73.7781391
New York City,LaGuardia Airport,LGA,40.7769271,-73.8739659
Newark,Newark Liberty International Airport,EWR,40.6895314,-74.1744624
Newburgh,Stewart International Airport,SWF,41.4984032,-74.1008627
Newcastle upon Tyne,Newcastle Airport,NCL,55.0393457,-1.6931281
Newquay,Newquay Cornwall Airport,NQY,50.4401324,-5.0101626
Nha Trang,Cam Ranh International Airport,CXR,12.0107618,109.2164959
Niamey,Diori Hamani International Airport,NIM,13.4836537,2.1830997
Nice,Côte d'Azur Airport,NCE,43.6597689,7.2148214
Niigata,Niigata Airport,KIJ,37.9549894,139.1143087
Nijgadh,Nijgadh International Airport,NIJ,27.6980899,85.3592231
Ningbo,Ningbo Lishe International Airport,NGB,29.8266667,121.4619444
Nizhnekamsk,Begishevo Airport,NBC,55.564546,52.101325
Nizhnevartovsk,Nizhnevartovsk Airport,NJC,60.951475,76.4951069
Nizhny Novgorod,Strigino Airport,GOJ,56.2258675,43.7843145
Niš,Niš Constantine the Great Airport,INI,43.337594,21.8663442
Norfolk Island,Norfolk Airport,NLK,36.8956837,-76.2000161
Norrköping,Norrköping Airport,NRK,58.5833588,16.2339017
North Nicosia,Ercan International Airport,ECN,35.158773,33.50399
Norwich,Norwich International Airport,NWI,52.6768964,1.2809524
Nosy Be,Fascene Airport,NOS,-13.3118809,48.3144043
Nottingham,East Midlands Airport,EMA,52.829374,-1.332134
Nouadhibou,Nouadhibou International Airport,NDB,20.9226291,-17.0332746
Nouakchott,Nouakchott–Oumtounsy International Airport,NKC,18.2987183,-15.9580818
Nouméa,La Tontouta International Airport,NOU,-22.0153729,166.2134277
Novokuznetsk,Spichenkovo Airport,NOZ,53.8035238,86.8634095
Novosibirsk,Tolmachevo Airport,OVB,55.0113541,82.652163
Nukuʻalofa,Fua{{Okina}}amotu International Airport,TBU,-21.2410221,-175.1495707
Nuremberg,Albrecht Dürer Airport,NUE,49.4971202,11.079808
Nuuk,Nuuk Airport,GOH,64.1917098,-51.6743553
Nîmes,Garons Airport,FNI,null,
Oakland,Metropolitan Oakland International Airport,OAK,37.7125689,-122.2197428
Oaxaca City,Xoxocotlán International Airport,OAX,17.0013111,-96.7239921
Odessa,Lymanske International Airport,none,46.67345,30.015039
Odessa,Odessa International Airport,ODS,46.4298271,30.6774409
Ohrid,Ohrid St. Paul the Apostle Airport,OHD,41.1811111,20.7452778
Oita,Oita Airport,OIT,33.4787058,131.7370145
Okayama,Okayama Airport,OKJ,34.7576887,133.8542495
Olbia,Costa Smeralda Airport,OLB,40.8998985,9.5177142
Olongapo,Subic Bay International Airport,SFS,14.795372,120.2827303
Omaha,Eppley Airfield,OMA,41.3018733,-95.8937409
Omsk,Omsk Tsentralny Airport,OMS,54.957801,73.316533
Ontario,Ontario International Airport,ONT,34.0559781,-117.598057
Oradea,Oradea International Airport,OMR,47.025664,21.90269
Oral,Oral Ak Zhol Airport,URA,51.1533131,51.5384152
Oran,Oran Es Senia Airport,ORN,35.6202476,-0.606133
Orange County,John Wayne Airport,SNA,33.6761901,-117.8674759
Oranjestad,F. D. Roosevelt Airport,EUX,32.8444509,-84.8287057
Oranjestad,Queen Beatrix International Airport,AUA,12.5015939,-70.0119926
Orenburg,Orenburg Tsentralny Airport,REN,51.7914657,55.4573784
Orlando,Orlando International Airport,MCO,28.4311577,-81.308083
Orlando,Orlando Sanford International Airport,SFB,28.7793906,-81.2356859
Orsk,Orsk Airport,OSW,51.0763843,58.5915732
Osaka,Kansai International Airport,KIX,34.4320024,135.2303939
Osh,Osh Airport,OSS,43.9940218,-88.5513204
Osijek,Osijek Airport,OSI,45.4663207,18.8072864
Oslo Airport,Oslo Airport-Gardermoen,OSL,60.1975501,11.1004152
Ostend,Ostend-Bruges International Airport,OST,51.2041938,2.8698128
Ostrava,Leoš Janáček Ostrava Airport,OSR,49.696961,18.1165025
Ottawa,Ottawa Macdonald-Cartier International Airport,YOW,45.319212,-75.6691652
Ouagadougou,Ouagadougou Airport,OUA,12.3549934,-1.513994
Oujda,Angads Airport,OUD,34.7872224,-1.9406228
Oulu,Oulu Airport,OUL,64.9308748,25.3558378
Oumache,Biskra Airport,BSK,34.7919393,5.7335798
Padang,Minangkabau International Airport,PDG,-0.7887557,100.2830128
Pago Pago,Pago Pago International Airport,PPG,-14.331389,-170.711389
Pakse,Pakse International Airport,PKZ,15.1359269,105.7795633
Palanga,Palanga International Airport,PLQ,55.971382,21.0972208
Palangkaraya,Tjilik Riwut Airport,PKY,-2.2240242,113.945584
Palembang,Sultan Mahmud Badaruddin II Airport,PLM,-2.8966716,104.6992053
Palermo,Palermo Airport,PMO,38.1824001,13.1005819
Palm Springs,Palm Springs International Airport,PSP,33.8303194,-116.5070468
Palma de Mallorca,Palma de Mallorca Airport,PMI,39.5517407,2.7361649
Palu,Mutiara Airport,PLW,-0.9186115,119.9064474
Panama City Beach,Northwest Florida Beaches International Airport,ECP,30.3552535,-85.7990639
Panama City,Tocumen International Airport,PTY,9.0667013,-79.3873743
Panglao Island,Bohol–Panglao International Airport,TAG,9.5711224,123.7710235
Papeete,Faa'a International Airport,PPT,-17.5598646,-149.6103874
Paphos,Paphos International Airport,PFO,34.7144596,32.4841075
Paramaribo,Johan Adolf Pengel International Airport,PBM,5.4560033,-55.2000586
Pardubice,Pardubice Airport,PED,50.0197729,15.7342946
Paris,Charles de Gaulle Airport,CDG,49.0096906,2.5479245
Paris,Orly Airport,ORY,48.7262433,2.3652472
Paro,Paro Airport,PBH,27.4051915,89.4210298
Patna,Jay Prakash Narayan International Airport,PAT,25.5947174,85.0907944
Pau,Uzein Airport,PUF,43.3811099,-0.4176115
Pekanbaru,Sultan Syarif Qasim II International Airport,PKU,0.4644616,101.4481556
Pemba,Pemba Airport,POL,-12.991692,40.524343
Penang,Penang International Airport,PEN,5.2934292,100.2715154
Pensacola,Pensacola International Airport,PNS,30.4738158,-87.1867049
Pereira,Matecaña International Airport,PEI,4.8152099,-75.7363162
Perm,Perm International Airport,PEE,57.9160625,56.0104326
Perpignan,Llabanère Airport,PGF,42.7413357,2.8714275
Perth,Perth Airport,PER,-31.9385476,115.9672492
Perugia,San Egidio Airport,PEG,43.0952332,12.5024504
Pescara,Abruzzo Airport,PSR,42.4300286,14.1881327
Peshawar,Bacha Khan International Airport,PEW,33.9898201,71.5192074
Petrolina,Senador Nilo Coelho Airport,PNZ,-9.3665733,-40.5658592
Petropavlovsk-Kamchatsky,Yelizovo Airport,PKC,53.169366,158.4253998
Petrozavodsk,Petrozavodsk Airport,PES,61.8778231,34.1561766
Philadelphia,Philadelphia International Airport,PHL,39.8743959,-75.2424229
Philipsburg,Princess Juliana International Airport,SXM,18.0418698,-63.1130821
Phnom Penh,Phnom Penh International Airport,PNH,11.5527433,104.8444762
Phoenix,Phoenix Sky Harbor International Airport,PHX,33.4372686,-112.0077881
Phoenix,Phoenix–Mesa Gateway Airport,AZA,33.30855,-111.6573157
Phu Quoc,Phu Quoc International Airport,PQC,10.1634153,103.9980303
Phuket City,Phuket International Airport,HKT,8.1110951,98.3064646
Piešťany,Piešťany Airport,PZY,48.611243,17.83234
Pisa,Galileo Galilei Airport,PSA,43.6890842,10.3978845
Pittsburgh,Pittsburgh International Airport,PIT,40.4957722,-80.2413113
Plaine Magnien,Sir Seewoosagur Ramgoolam International Airport,MRU,-20.4331335,57.6789971
Plovdiv,Plovdiv Airport,PDV,42.0768388,24.8439418
Podgorica,Podgorica Airport,TGD,42.3678579,19.247673
Pohnpei,Pohnpei International Airport,PNI,6.9853231,158.2090962
Pointe-Noire,Pointe Noire Airport,PNR,-4.8119924,11.8863206
Pointe-à-Pitre,Pôle Caraïbes International Airport,PTP,16.2676129,-61.527249
Poitiers,Biard Airport,PIS,46.5877384,0.3088694
Pokhara,Pokhara International Airport,PKR,28.1843394,84.0133723
Ponta Delgada,João Paulo II Airport,PDL,37.7493461,-25.7103849
Poprad,Poprad-Tatry Airport,TAT,49.069155,20.2489826
Port Blair,Veer Savarkar International Airport,IXZ,11.6415162,92.7301249
Port Harcourt,Port Harcourt International Airport,PHC,5.0074989,6.9502154
Port Hedland,Port Hedland International Airport,PHE,-20.378189,118.6316532
Port Moresby,Jacksons International Airport,POM,-9.4410159,147.2182728
Port Sudan,Port Sudan New International Airport,PZU,19.4344033,37.2383915
Port Vila,Bauerfield International Airport,VLI,-17.6991551,168.3185105
Port of Spain,Piarco International Airport,POS,10.5976964,-61.339527
Port-Gentil,Port-Gentil International Airport,POG,49.1966913,-123.1815123
Port-au-Prince,Toussaint Louverture International Airport,PAP,18.5759244,-72.2946381
Portland,Portland International Airport,PDX,45.5897694,-122.5950942
Portland,Portland International Jetport,PWM,43.6464785,-70.3096974
Porto Alegre,Salgado Filho International Airport,POA,-29.9934732,-51.1753811
Porto Santo Island,Porto Santo Airport,PXO,33.0749387,-16.3500319
Porto Velho,Governador Jorge Teixeira de Oliveira International Airport,PVH,-8.7141702,-63.89832
Porto,Francisco Sá Carneiro Airport,OPO,41.2421186,-8.6785514
Portorož,Portorož Airport,POW,45.4737912,13.6151435
Poznań,Poznań Ławica Airport,POZ,52.4199508,16.8286158
Prague,Prague Václav Havel Airport,PRG,50.101791,14.2631811
Praia,Nelson Mandela International Airport,RAI,14.9452744,-23.4865299
Preveza,Aktion National Airport,PVK,38.930989,20.771758
Pristina,Pristina International Airport,PRN,42.5745637,21.0295084
Providence,T.F. Green Airport,PVD,41.7245271,-71.4304062
Providenciales,Providenciales Airport,PLS,21.7763463,-72.271334
Provideniya,Provideniya Bay Airport,PVS,64.3838633,-173.2334868
Pskov,Pskov Airport,PKV,57.797512,28.3920618
Puebla City,Hermanos Serdán International Airport,PBC,19.1637033,-98.3757475
Puerto Cabezas,Puerto Cabezas Airport,PUZ,14.0419938,-83.3805378
Puerto Iguazú,Cataratas del Iguazú International Airport,IGR,-25.7317776,-54.476181
Puerto Montt,El Tepual International Airport,PMC,-41.4337407,-73.0985035
Puerto Princesa,Puerto Princesa International Airport,PPS,9.7456564,118.7504322
Puerto Vallarta,Lic. Gustavo Díaz Ordaz International Airport,PVR,20.6805184,-105.2523762
Pula,Pula Airport,PUY,44.897703,13.922265
Pune,Chhatrapati Sambhaji Raje International Airport,CRANPQ,18.51987,73.846695
Pune,Pune International Airport,PNQ,18.579343,73.9089168
Punta Arenas,Presidente Carlos Ibáñez del Campo International Airport,PUQ,-53.0050882,-70.8430601
Punta Cana,Punta Cana International Airport,PUJ,18.5632813,-68.3684931
Punta del Este,Capitan Corbeta CA Curbelo International Airport,PDP,-34.8611175,-55.0982172
Pyongyang,Pyongyang International Airport,FNJ,39.2008462,125.6765362
Pécs-Pogány,Pécs-Pogány International Airport,QPJ,45.9936821,18.2342148
Qabala,Qabala International Airport,GBB,40.8266667,47.7125
Qeshm,Dayrestan Airport,GSM,26.7561041,55.895415
Qingdao,Qingdao liuting International Airport,TAO,36.2666745,120.3831232
Quanzhou,Quanzhou Jinjiang International Airport,JJN,24.7993726,118.5946431
Quebec City,Quebec/Jean Lesage International Airport,YQB,46.7907719,-71.388569
Queenstown,Queenstown Airport,ZQN,-45.0209721,168.7399228
Querétaro City,Querétaro Intercontinental Airport,QRO,20.6225114,-100.1872709
Quetta,Quetta International Airport,UET,30.2490734,66.948819
Quito,Mariscal Sucre International Airport,UIO,-0.1243405,-78.3613938
Quảng Nam Province,Chu Lai International Airport,VCL,15.4144087,108.7038166
Rabat,Rabat-Salé Airport,RBA,34.0361152,-6.7480954
Rahim Yar Khan,Shaikh Zayed International Airport,RYK,28.39161,70.287065
Raipur,Swami Vivekananda Airport,RPR,21.1859702,81.7404213
Raleigh,Raleigh-Durham International Airport,RDU,35.880079,-78.7879963
Ranchi,Birsa Munda International Airport,IXR,23.3172483,85.3252238
Ras al-Khaimah,Ras Al Khaimah International Airport,RKT,25.6120004,55.9399711
Rayong,U-Tapao International Airport,UTP,12.6759845,100.9980961
Recife,Guararapes International Airport,REC,-8.1259315,-34.9240154
Regina,Regina International Airport,YQR,50.433778,-104.6615246
Reno,Reno-Tahoe International Airport,RNO,39.4995907,-119.7680951
Resistencia,Resistencia International Airport,RES,-27.4449258,-59.0487385
Reus,Reus Airport,REU,41.1482576,1.1682914
Reykjavík,Keflavik International Airport,KEF,63.9786029,-22.635036
Reykjavík,Reykjavik Airport,RKV,63.9786029,-22.635036
Rhodes,Rhodes International Airport,RHO,36.4047577,28.0867646
Riga,Riga International Airport,RIX,56.9226554,23.9733129
Rijeka,Rijeka Airport,RJK,45.2185704,14.5697822
Rimini,Federico Fellini Airport,RMI,44.0201463,12.6119908
Rio Branco,Rio Branco International Airport,RBR,-9.8662205,-67.8971993
Rio de Janeiro,Rio de Janeiro-Galeão International Airport,GIG,-22.805265,-43.2566293
Rio de Janeiro,Santos Dumont Airport,SDU,-22.9111438,-43.1648755
Riyadh,King Khalid International Airport,RUH,24.9597747,46.7003881
Road Town,Terrance B. Lettsome International Airport,EIS,18.4442003,-64.5371796
Roatán,Juan Manuel Gálvez International Airport,RTB,16.3180468,-86.5268895
Rochester,Greater Rochester International Airport,ROC,43.1225229,-77.6665722
Rochester,Rochester International Airport,RST,43.1225229,-77.6665722
Rockford,Chicago Rockford International Airport,RFD,42.2017837,-89.0955183
Rodez,Marcillac Airport,RDZ,44.4108155,2.4832137
Rome,Leonardo da Vinci-Fiumicino Airport,FCO,41.7998868,12.2462384
Rome,Rome Ciampino Airport,CIA,41.8000198,12.5933595
Roseau,Melville Hall Airport,DOM,15.5467853,-61.3008735
Rostov-on-Don,Rostov-na-Donu Airport,ROV,47.4932197,39.929151
Rota Island,Rota International Airport,ROP,14.172008,145.243761
Rotterdam,Rotterdam The Hague Airport,RTM,51.9555086,4.4398832
Rovaniemi,Rovaniemi Airport,RVN,66.563104,25.8300782
Rzeszów,Rzeszów-Jasionka Airport,RZE,50.114826,22.024598
Río Gallegos,Piloto Civil N. Fernández International Airport,RGL,-51.6114033,-69.3038327
Saba,Juancho E. Yrausquin Airport,SAB,17.6446096,-63.2207283
Sabha,Sebha Airport,SEB,36.198778,-95.8838659
Sacramento,Sacramento International Airport,SMF,38.6950854,-121.5900648
Saidu Sharif,Saidu Sharif Airport,SDT,34.813332,72.351387
Saint Catherine,St. Catherine International Airport,SKV,28.6843349,34.0627498
Saint Croix,Henry E. Rohlsen Airport,STX,17.6995292,-64.7974702
Saint Helena,Saint Helena Airport,HLE,-15.9623079,-5.6481184
Saint Jean,Gustaf III Airport,SBH,17.904187,-62.8450529
Saint Kitts,Robert L. Bradshaw International Airport,SKB,38.7522782,-90.3716809
Saint Petersburg,Pulkovo Airport,LED,59.8029126,30.2678391
Saint Thomas,Cyril E. King Airport,STT,18.3360608,-64.9722726
Saint-Denis,Roland Garros Airport,RUN,-20.8918777,55.5121669
Saint-Pierre,Saint-Pierre Airport,FSP,46.7652581,-56.1778376
Saint-Étienne,Bouthéon Airport,EBU,45.5318077,4.2940718
Saipan Island,Saipan International Airport,SPN,15.1197429,145.7282789
Sal,Amílcar Cabral International Airport,SID,16.7345785,-22.9439763
Salalah,Salalah International Airport,SLL,17.0488539,54.0875454
Salt Lake City,Salt Lake City International Airport,SLC,40.7899404,-111.9790706
Saltillo,Plan de Guadalupe International Airport,SLW,25.5489458,-100.9321948
Salvador,Deputado Luís Eduardo Magalhães International Airport,SSA,-12.9110977,-38.3312411
Salzburg,Salzburg Airport,SZG,47.7926466,13.0029274
Samaná (town),Samaná El Catey International Airport,AZS,19.267656,-69.7304614
Samara,Samara Kurumoch Airport,KUF,53.5063217,50.1513998
Samarinda,Samarinda International Airport,SRI,-0.3709627,117.2571491
Samos,Samos International Airport,SMI,37.6896035,26.9131179
Samsun,Samsun-Çarşamba Airport,SZF,41.2591849,36.5573778
San Andrés,Gustavo Rojas Pinilla International Airport,ADZ,12.5861164,-81.7021578
San Antonio,San Antonio International Airport,SAT,29.5311973,-98.4683484
San Bernardino,San Bernardino International Airport,SBD,34.1005251,-117.24671
San Carlos de Bariloche,Teniente Luis Candelaria International Airport,BRC,-41.1467142,-71.1620296
San Diego,San Diego International Airport,SAN,32.7338006,-117.1933038
San Felipe de Puerto Plata,Gregorio Luperón International Airport,POP,19.7553589,-70.563822
San Francisco,San Francisco International Airport,SFO,37.6213129,-122.3789554
San Jose,San Jose International Airport,SJC,37.3639472,-121.9289375
San José,Juan Santamaría International Airport,SJO,9.9979811,-84.2040202
San Juan de Puerto Rico,Luis Muñoz Marín International Airport,SJU,18.4388829,-66.0007218
San Luis Potosí City,Ponciano Arriaga International Airport,SLP,22.2568861,-100.9341508
San Pedro Sula,Ramón Villeda Morales International Airport,SAP,15.45445,-87.9265116
San Salvador,Monseñor Óscar Arnulfo Romero International Airport,SAL,13.4451379,-89.0570357
Sana'a,Sana'a International Airport,SAH,15.479529,44.2166214
Sandefjord Airport,Sandefjord Airport,TRF,59.1824458,10.2569121
Santa Clara,Abel Santa María Airport,SNU,22.492155,-79.943983
Santa Cruz de Barahona,María Montez International Airport,BRX,18.2491197,-71.1233807
Santa Cruz de la Sierra,Viru Viru International Airport,VVI,-17.6431198,-63.1407565
Santa Marta,Simón Bolívar International Airport,SMR,10.5972583,-67.0053373
Santander,Santander Airport,SDR,43.4265657,-3.8217863
Santiago de Compostela,Santiago de Compostela Airport,SCQ,42.8967174,-8.4161978
Santiago de Cuba,Antonio Maceo Airport,SCU,19.97,-75.835556
Santiago de los Caballeros,Cibao International Airport,STI,19.4021334,-70.6019073
Santiago,Comodoro Arturo Merino Benítez International Airport,SCL,-33.3897789,-70.7944223
Santo Domingo,Las Américas International Airport,SDQ,18.4319537,-69.6720974
Santorini,Santorini (Thira) National Airport,JTR,36.4003185,25.4776476
Sanya,Sanya Phoenix International Airport,SYX,18.303701,109.412663
Sapporo,New Chitose Airport,CTS,42.7821844,141.6890474
Sarajevo,Sarajevo International Airport,SJJ,43.8257957,18.3365271
Sarasota,Sarasota-Bradenton International Airport,SRQ,27.3945917,-82.5552973
Saratov,Saratov Tsentralny Airport,RTW,51.5581685,46.0313067
Saskatoon,Saskatoon John G. Diefenbaker International Airport,YXE,52.1745886,-106.7004823
Seattle,King County International Airport,BFI,47.5281657,-122.3018264
Seattle,Kenmore Air Harbor Seaplane Base,LKE,47.628574,-122.33983
Seattle,Seattle-Tacoma International Airport,SEA,47.4502499,-122.3088165
Seiyun,Seiyun Airport,GXF,36.198778,-95.8838659
Semarang,Achmad Yani International Airport,SRG,-6.9662838,110.3749461
Sendai,Sendai Airport,SDJ,38.1397222,140.9169444
Seoul,Gimpo International Airport,GMP,37.5586545,126.7944739
Seville,Seville Airport,SVQ,37.4201674,-5.89305
Sfax,Thyna International Airport,SFA,34.7235189,10.689759
Shanghai,Shanghai Hongqiao International Airport,SHA,31.192209,121.334297
Shanghai,Shanghai Pudong International Airport,PVG,31.1443439,121.808273
Shannon,Shannon Airport,SNN,52.6996573,-8.9146911
Sharjah (city),Sharjah International Airport,SHJ,25.3284352,55.5122577
Sharm el-Sheikh,Sharm el-Sheikh International Airport,SSH,27.9768276,34.3935273
Shenyang,Shenyang Taoxian International Airport,SHE,41.6352665,123.496524
Shenzhen,Shenzhen Bao'an International Airport,SZX,22.636828,113.814606
Shijiazhuang,Shijiazhuang Zhengding International Airport,SJW,38.2808333,114.6966667
Shiraz,Shiraz International Airport,SYZ,29.5459192,52.5897268
Shizuoka,Shizuoka Airport,FSZ,34.7971742,138.1805917
Shymkent,Shymkent Airport,CIT,42.3661724,69.4931043
Sialkot,Sialkot International Airport,SKT,32.5336678,74.3631504
Sibiu,Sibiu International Airport,SBZ,45.7874451,24.0902097
Siddharthanagar,Gautam Buddha Airport,BWA,27.5070733,83.4197755
Siem Reap,Siem Reap International Airport,REP,13.4087773,103.8142624
Sihanoukville (city),Sihanouk International Airport,KOS,10.5800128,103.6402576
Siliguri,Bagdogra International Airport,IXB,26.6849933,88.3254219
Simferopol,Simferopol International Airport,SIP,45.0191094,33.9972944
Singapore,Singapore Changi Airport,SIN,1.3644202,103.9915308
Skardu,Skardu Airport,KDU,35.339444,75.541389
Skiathos,Skiathos Island National Airport,JSI,39.176612,23.501093
Skopje,Skopje Alexander the Great Airport,SKP,41.963161,21.6223532
Skyros,Skyros Island National Airport,SKU,38.965621,24.485048
Sliač,Sliač Airport,SLD,48.638056,19.134167
Snohomish County,Paine Field,PAE,47.9075768,-122.2808529
Sochi,Sochi International Airport,AER,43.448316,39.9413558
Sofia,Sofia Airport,SOF,42.6934278,23.4071233
Sohag,Sohag International Airport,HMB,26.3390716,31.7377196
Sokhumi,Sukhumi Babushara Airport,SUI,42.858055,41.128334
Sokoto,Sadiq Abubakar III International Airport,SKO,12.9177112,5.2084001
South Eleuthera,Rock Sound International Airport,RSD,32.8998091,-97.0403352
Southampton,Southampton Airport,SOU,50.9514562,-1.3577022
Split (city),Split Airport,SPU,43.5384387,16.2983384
Spokane,Spokane International Airport,GEG,47.6217478,-117.534812
Srinagar,Srinagar Airport,SXR,34.0021758,74.7624024
St. Gallen,St. Gallen-Altenrhein Airport,ACH,47.4858737,9.5600178
St. George's,L.F. Wade International Airport,BDA,32.359829,-64.7020333
St. John's,St. John's International Airport,YYT,47.6212101,-52.7424429
St. Louis,Lambert-Saint Louis International Airport,STL,38.7522782,-90.3716809
St. Petersburg,St. Petersburg-Clearwater International Airport,PIE,27.9098674,-82.6888571
Stavanger,Stavanger Airport,SVG,58.8804407,5.6314021
Stavropol,Stavropol Shpakovskoye Airport,STW,45.1126775,42.1050355
Stockholm Bromma Airport,Stockholm-Bromma Airport,BMA,59.354812,17.9427217
Stockholm-Arlanda Airport,ARN,Large,37.6865153,-97.3409828
Stockholm-Skavsta Airport,NYO,Small,33.8751479,-84.3885733
Stockholm-Västerås Airport,VST,Non-Hub,33.001161,-97.2045085
Strasbourg,Strasbourg Airport,SXB,48.5394301,7.6280226
Stuttgart,Stuttgart Airport,STR,48.6876365,9.205576
Subang,Sultan Abdul Aziz Shah Airport,SZB,3.1328029,101.5543995
Sulaymaniyah,Sulaimaniyah International Airport,ISU,35.5597896,45.3256768
Surabaya,Juanda International Airport,SUB,-7.3788851,112.7872891
Surakarta,Adisumarmo International Airport,SOC,-7.5160459,110.7554785
Surat Thani,Surat Thani Airport,URT,9.1342968,99.142882
Surgut,Surgut International Airport,SGC,61.3403532,73.4078885
Suva,Nausori International Airport,SUV,-18.0442547,178.5595941
Sydney,Sydney Airport,SYD,-33.9399228,151.1752764
Syktyvkar,Syktyvkar Airport,SCW,61.6638156,50.8515503
Sylhet,Osmani International Airport,ZYL,24.9583415,91.8707201
Syracuse,Syracuse Hancock International Airport,SYR,43.1139301,-76.1101888
Szczecin,Szczecin-Goleniów "Solidarność" Airport,SZZ,53.5858774,14.902781
São Luís,Marechal Cunha Machado International Airport,SLZ,-2.5849927,-44.2348802
São Paulo,São Paulo-Guarulhos International Airport,GRU,-23.4305731,-46.473043
São Paulo,São Paulo–Congonhas Airport,CGH,-23.6273246,-46.6565842
São Tomé,São Tomé International Airport,TMS,0.3775266,6.7126096
São Vicente,Cesária Évora Airport,VXE,16.8356412,-25.054013
Sétif,Ain Arnat Airport,QSF,36.1755508,5.3302913
Taba,Taba International Airport,TCP,29.5936682,34.7759521
Tabarka,Tabarka–Aïn Draham International Airport,TBJ,36.9760586,8.8766789
Tabriz,Tabriz International Airport,TBZ,38.1233489,46.2444807
Taichung,Taichung International Airport,RMQ,24.2621452,120.6227409
Taipei,Taipei Songshan Airport,TSA,25.067566,121.552699
Taiyuan,Taiyuan Wusu International Airport,TYN,37.7469444,112.6283333
Tajoura,Mitiga International Airport,MJI,32.893585,13.275945
Tallahassee,Tallahassee International Airport,TLH,30.3954074,-84.3450518
Tallinn,Lennart Meri Tallinn Airport,TLL,59.4141276,24.8329753
Tamale,Tamale Airport,TML,9.5521042,-0.8634711
Tamanrasset,Tamanrasset Airport,TMR,22.811111,5.450833
Tampa,Tampa International Airport,TPA,27.9834776,-82.5370781
Tampere,Tampere-Pirkkala Airport,TMP,61.4148569,23.6046296
Tampico,General Francisco Javier Mina International Airport,TAM,22.2892363,-97.8695753
Tangier,Tangier-Boukhalef Airport,TNG,35.7265955,-5.9150683
Taoyuan,Taoyuan International Airport,TPE,25.0796514,121.234217
Tarawa,Bonriki International Airport,TRW,1.381568,173.146996
Tartu,Tartu Airport,TAY,58.3094979,26.6893037
Tashkent,Tashkent International Airport,TAS,41.2610674,69.2788136
Tbilisi,Tbilisi International Airport,TBS,41.6696083,44.964349
Tegucigalpa,Toncontin International Airport,TGU,14.0606505,-87.2178576
Tehran,Mehrabad International Airport,THR,35.6899882,51.311241
Tehran,Tehran Imam Khomeini International Airport,IKA,35.4089938,51.1554896
Tel Aviv,Ben Gurion Airport,TLV,32.005532,34.8854112
Tenerife,Tenerife South Airport,TFS,28.0467575,-16.5725303
Tenerife,Tenerife North Airport,TFN,28.484511,-16.3434204
Terceira Island,Terceira Airport,TER,38.75388,-27.0869431
Teresina,Teresina Airport,THE,-5.063463,-42.821191
Tete,Chingozi Airport,TET,-16.1091758,33.6388724
Tetouan,Sania Ramel Airport,TTU,35.5910917,-5.3310198
The Valley,Clayton J. Lloyd International Airport,AXA,18.2065899,-63.0526298
Thessaloniki,Thessaloniki International Airport,SKG,40.5204227,22.9716758
Tianjin,Tianjin Binhai International Airport,TSN,39.130406,117.3592
Tianshui,Tianshui Airport,THQ,34.555072,105.868795
Tijuana,Gral. Abelardo L. Rodríguez International Airport,TIJ,32.5422546,-116.9717004
Timișoara,Traian Vuia International Airport,TSR,45.8102336,21.320193
Tinian Island,Tinian International Airport,TIQ,14.9992113,145.6248043
Tirana,Tirana International Airport Nënë Tereza,TIA,41.4129911,19.7233909
Tirupati,Tirupati Airport,TIR,13.6384314,79.5473989
Tivat,Tivat Airport,TIV,42.4056356,18.7222305
Tlemcen,Zenata Airport,TLM,35.0123044,-1.4479374
Toamasina,Toamasina Airport,TMM,-18.109272,49.3924779
Tobago,Arthur Napoleon Raymond Robinson International Airport (formerly Crown Point International Airport),TAB,11.1523845,-60.8399117
Tokyo,Haneda International Airport,HND,35.5493932,139.7798386
Tokyo,Narita International Airport,NRT,35.7719867,140.3928501
Toliara,Toliara Airport,TLE,-23.3878618,43.7231934
Toluca,Lic. Adolfo López Mateos International Airport,TLC,19.3389479,-99.5698355
Tomsk,Bogashevo Airport,TOF,56.3883169,85.2096323
Toronto (Mississauga),Toronto Pearson International Airport,YYZ,43.6777176,-79.6248197
Torreón,Francisco Sarabia International Airport,TRC,25.5632849,-103.3987273
Toulon,Hyères Le Palyvestre Airport,TLN,43.0946573,6.1508971
Toulouse,Blagnac Airport,TLS,43.6293863,1.367682
Tours,Tours Loire Valley Airport,TUF,47.4259048,0.7196405
Townsville,Townsville International Airport,TSV,-19.2564798,146.770808
Tozeur,Nefta International Airport,TOE,33.9353377,8.1114654
Trabzon,Trabzon Airport,TZX,40.9943394,39.782373
Trapani,Vincenzo Florio Airport,TPS,37.901931,12.495874
Trichy,Tiruchirappalli International Airport,TRZ,10.7603662,78.7088941
Trieste,Friuli Venezia Giulia Airport,TRS,45.8268189,13.4710391
Tripoli,Tripoli International Airport,TIP,32.669444,13.156667
Trivandrum,Trivandrum International Airport,TRV,8.4834201,76.9198194
Tromsø,Tromsø Airport,TOS,69.6819354,18.9162637
Trondheim,Trondheim Airport,TRD,63.4582698,10.9225991
Tulcán,Teniente Coronel Luis a Mantilla International Airport,TUA,0.8127859,-77.7061472
Tunis,Carthage International Airport,TUN,36.8458578,10.2190745
Turbat,Turbat International Airport,TUK,25.9882557,63.0280033
Turin,Caselle Airport,TRN,45.1965359,7.647867
Turku,Turku Airport,TKU,60.5114979,22.2632854
Tuxtla Gutierrez,Angel Albino Corzo International Airport,TGZ,null,
Tuzla,Tuzla International Airport,TZL,44.4640429,18.7102891
Tyumen,Roshchino International Airport,TJM,57.1814766,65.3487664
Tôlanaro,Tôlanaro Airport,FTU,35.6544054,-105.1425318
Türkmenbaşy,Turkmenbashi International Airport,KRW,40.05,53.0000001
Uberlândia,Uberlândia Airport,UDI,-18.8895413,-48.2309169
Udon Thani,Udon Thani International Airport,UTH,17.387112,102.7755279
Ufa,Ufa International Airport,UFA,54.5651241,55.8841742
Ulan Bator,Chinggis Khaan International Airport,ULN,47.8522001,106.761912
Ulan-Ude,Baikal International Airport,UUD,51.8042951,107.4444955
Ulyanovsk,Ulyanovsk Vostochny Airport,ULY,54.4140811,48.8023409
Umeå,Umeå Airport,UME,63.793016,20.28928
Unguja,Abeid Amani Karume International Airport,ZNZ,-6.2185336,39.221379
Uruapan,Uruapan International Airport,UPN,19.3972311,-102.039299
Ushuaia,Ushuaia International Airport,USH,-54.8396728,-68.3127488
Vaasa,Vaasa Airport,VAA,63.0512476,21.7627129
Valencia (city in Spain),Valencia Airport,VLC,39.4892327,-0.4780256
Valencia,Arturo Michelena International Airport,VLN,10.1543841,-67.9230746
Valladolid,Valladolid Airport,VLL,41.7060144,-4.845069
Valletta,Malta International Airport,MLA,35.8541135,14.4832795
Vancouver,Vancouver International Airport,YVR,49.1966913,-123.1815123
Varadero,Juan Gualberto Gómez Airport,VRA,23.0343108,-81.4376874
Varanasi,Lal Bahadur Shastri International Airport,VNS,25.4487677,82.8567959
Varna,Varna Airport,VAR,43.236797,27.8271139
Vavaʻu,Vava'u International Airport,VAV,32.8998091,-97.0403352
Venice,Venice Marco Polo Airport,VCE,45.5047582,12.3470025
Ventspils,Ventspils International Airport,VNT,57.3615603,21.5470268
Veracruz (city),General Heriberto Jara International Airport,VER,19.1448114,-96.1863998
Verona,Verona Airport,VRN,45.4000011,10.8901406
Victoria Falls,Victoria Falls Airport,VFA,-18.0963234,25.8514175
Victoria,Seychelles International Airport,SEZ,-4.6710544,55.511444
Victoria,Victoria International Airport,YYJ,48.6481032,-123.4286602
Vienna,Vienna International Airport,VIE,48.1158333,16.5665751
Vientiane,Wattay International Airport,VTE,17.9869192,102.5634402
Vieux Fort Quarter,Hewanorra International Airport,UVF,13.733375,-60.950289
Vijayawada,Vijayawada International Airport,VGA,16.523838,80.7914172
Vilankulo,Vilankulo Airport,VNX,-22.0155995,35.3123283
Villahermosa,Carlos Rovirosa Pérez International Airport,VSA,17.9954582,-92.8165674
Vilnius,Vilnius International Airport,VNO,54.6380366,25.2865584
Visakhapatnam,Bhogapuram Airport,VSA,17.7284689,83.2235582
Visakhapatnam,Visakhapatnam Airport,VTZ,17.7284689,83.2235582
Visby,Visby Airport,VBY,57.659585,18.3423782
Vitória,Eurico de Aguiar Salles Airport,VIX,-20.2576489,-40.2835346
Vladikavkaz,Beslan Airport,OGZ,43.20186,44.6046638
Vladivostok,Vladivostok International Airport,VVO,43.3948533,132.1477422
Volgograd,Volgograd International Airport,VOG,48.7857531,44.3455342
Volos,Nea Anchialos National Airport,VOL,39.21998,22.795608
Voronezh,Voronezh International Airport,VOZ,51.8125373,39.2253596
Vágar,Vágar Airport,FAE,62.0633297,-7.27546
Växjö,Växjö Airport,VXO,56.924885,14.731647
Wallis Island,Hihifo Airport,WLS,-13.238333,-176.198889
Walvis Bay,Walvis Bay Airport,WVB,-22.979722,14.645278
Warsaw,Frédéric Chopin Airport,WAW,52.1672369,20.9678911
Warsaw,Modlin Airport,WMI,52.4492645,20.6512374
Washington,Ronald Reagan Washington National Airport**,DCA,38.851242,-77.0402315
Washington,Washington Dulles International Airport,IAD,38.9531162,-77.4565388
Weeze,Weeze Airport,NRN,51.6027581,6.1416517
Weihai,Weihai International Airport,WEH,37.1870995,122.2289963
Wellington,Wellington International Airport,WLG,-41.3275941,174.8075984
Wenzhou,Wenzhou Yongqiang Airport,WNZ,27.9110235,120.8554106
West Palm Beach,Palm Beach International Airport,PBI,26.6857475,-80.0928165
Willemstad,Hato International Airport,CUR,12.188463,-68.960945
Windhoek,Hosea Kutako International Airport,WDH,-22.4872637,17.4639679
Winnipeg,Winnipeg James Armstrong Richardson International Airport,YWG,49.9098283,-97.2365461
Wrocław,Copernicus Airport Wrocław,WRO,51.1041654,16.8809331
Wuhan,Wuhan Tianhe International Airport,WUH,30.7766171,114.2124495
Wuxi,Sunan Shuofang International Airport,WUX,31.4986257,120.4352674
Xi'an,Xi'an Xianyang International Airport,XIY,34.437111,108.7573294
Xiamen,Xiamen Gaoqi International Airport,XMN,24.5390705,118.134368
Xiangyang,Xiangyang Airport,XFN,32.149491,112.293018
Xichang,Xichang Qingshan Airport,XIC,27.979115,102.185949
Xining,Xining Caojiabao Airport,XNN,36.5279227,102.0408891
Xuzhou,Xuzhou Guanyin Airport,XUZ,34.052467,117.560311
Yakutsk,Yakutsk Airport,YKS,62.086467,129.750195
Yancheng,Yancheng Nanyang Airport,YNZ,33.429573,120.208714
Yangon,Yangon International Airport,RGN,16.9027736,96.1352618
Yangyang,Yangyang International Airport,YNY,38.058812,128.6629583
Yanji,Yanji Airport,YNJ,42.888008,129.446657
Yantai,Yantai Penglai International Airport,YNT,37.658604,120.9919
Yaoundé,Nsimalen Airport,NSI,3.7149163,11.547693
Yap,Yap International Airport,YAP,9.4987546,138.0834539
Yaren District,Nauru International Airport,INU,-0.5446408,166.9175919
Yaroslavl,Tunoshna Airport,IAR,57.56232,40.1702562
Yekaterinburg,Koltsovo International Airport,SVX,56.7447746,60.8029485
Yerevan,Zvartnots International Airport,EVN,40.1491782,44.3988571
Yinchuan,Yinchuan Hedong International Airport,INC,38.3226256,106.3885837
Yogyakarta,Adisucipto International Airport,JOG,-7.7876838,110.4317613
Yuzhno-Sakhalinsk,Yuzhno-Sakhalinsk Airport,UUS,46.8869499,142.7238546
Zacatecas City,General Leobardo C. Ruiz International Airport,ZCL,22.9002505,-102.6803963
Zadar,Zadar Airport,ZAD,44.0964983,15.3533664
Zagreb,Franjo Tuđman Airport,ZAG,45.7407504,16.0674366
Zakynthos,Zakynthos International Airport,ZTH,37.754438,20.886614
Zamboanga City,Zamboanga International Airport,ZAM,6.919884,122.0616469
Zaporizhia,Zaporizhia International Airport,OZH,47.8732128,35.3018459
Zaragoza,Zaragoza Airport,ZAZ,41.661293,-1.0442499
Zhangjiajie,Zhangjiajie Hehua Airport,DYG,29.103856,110.451191
Zhangye,Zhangye Ganzhou Airport,YZY,38.814191,100.656071
Zhengzhou,Zhengzhou Xinzheng International Airport,CGO,34.5253412,113.8461563
Zhoushan,Zhoushan Putuoshan Airport,HSN,29.931588,122.359373
Zhuhai,Zhuhai Jinwan Airport,ZUH,22.0080725,113.3785933
Zonguldak,Zonguldak Airport,ONQ,41.5065446,32.0905925
Zürich,Zurich Airport,ZRH,47.4582165,8.5554755
Åland Islands,Mariehamn Airport (Åland),MHQ,60.1248328,19.9074777
Ålesund,Ålesund Airport,AES,62.5586559,6.1152781
Île de Ré,Île de Ré Airport,LRH,46.1786938,-1.1963914
Östersund,Åre Östersund Airport,OSD,63.1983891,14.4978638
Ürümqi,Ürümqi Diwopu International Airport,URC,43.9072222,87.4741667
İzmir,Adnan Menderes Airport,ADB,38.293763,27.1520285
Łódź,Łódź Władysław Reymont Airport,LCJ,51.7197051,19.3908091
Šiauliai,Šiauliai International Airport,SQQ,55.8938895,23.3950107
Žilina,Žilina Airport,ILZ,49.2336593,18.6141831
